Transaction ID,Customer ID,Transaction Date,Product ID,Product Category,Quantity,Unit Price,Gender,Age
T00001,C00101,2023-01-05,P001,Smartphones,1,899.99,Male,29
T00002,C00102,2023-01-05,P015,Accessories,2,19.99,Female,42
T00003,C00103,2023-01-06,P005,Laptops,1,1299.00,Male,57
T00004,C00101,2023-01-07,P002,Smartphones,1,799.00,Male,31
T00005,C00104,2023-01-08,P008,Wearables,1,21.99,Female,20
T00006,C00105,2023-01-08,P010,Home Automation,1,149.00,Male,45
T00007,C00101,2023-01-09,P016,Accessories,3,9.50,Male,30
T00008,C00106,2023-01-09,P003,Smartphones,1,650.00,Female,71
T00009,C00107,2023-01-10,P006,Laptops,1,999.00,Male,28
T00010,C00108,2023-01-10,P011,Home Automation,2,75.00,Female,53
T00011,C00109,2023-01-11,P004,Smartphones,1,950.00,Male,38
T00012,C00110,2023-01-11,P017,Accessories,,15.00,Female,22
T00013,C00101,2023-01-12,P012,Home Automation,1,199.00,Male,32
T00014,C00102,2023-01-12,P007,Laptops,1,1100.00,Female,40
T00015,C00111,2023-01-13,P009,Wearables,1,350.00,Male,67
T00016,C00103,2023-01-13,P018,Accessories,2,25.00,Male,60
T00017,C00104,2023-01-14,P001,Smartphones,1,899.99,Female,24
T00018,C00105,2023-01-14,P013,Home Automation,1,250.00,Male,48
T00019,C00101,2023-01-15,P001,Smartphones,1,899.99,Male,27
T00020,C00112,2023-01-15,P005,Laptops,1,1299.00,Female,69
T00021,C00101,2023-02-01,P002,Smartphones,1,799.00,Male,30
T00022,C00102,2023-02-03,P003,Smartphones,1,650.00,Female,37
T00023,C00103,2023-02-05,P004,Smartphones,1,950.00,Male,52
T00024,C00104,2023-02-07,P005,Laptops,,1299.00,Female,19
T00025,C00105,2023-02-09,P006,Laptops,1,999.00,Male,36
T00026,C00101,2023-02-10,P008,Wearables,1,249.99,Male,26
T00027,C00106,2023-02-12,P009,Wearables,1,350.00,Female,66
T00028,C00107,2023-02-14,P010,Home Automation,1,149.00,Male,33
T00029,C00108,2023-02-16,P011,Home Automation,2,75.00,Female,59
T00030,C00109,2023-02-18,P012,Home Automation,1,199.00,Male,41
T00031,C00101,2023-02-20,P015,Accessories,2,19.99,Male,28
T00032,C00110,2023-02-22,P016,Accessories,3,9.50,Female,23
T00033,C00111,2023-02-24,P017,Accessories,1,15.00,Male,70
T00034,C00112,2023-02-26,P018,Accessories,2,25.00,Female,68
T00035,C00101,2023-03-01,P001,Smartphones,1,899.99,Male,25
T00036,C00102,2023-03-03,P002,Smartphones,1,799.00,Female,39
T00037,C00103,2023-03-05,P003,Smartphones,1,650.00,Male,56
T00038,C00104,2023-03-07,P004,Smartphones,1,950.00,Female,20
T00039,C00105,2023-03-09,P005,Laptops,,1299.00,Male,44
T00040,C00101,2023-03-11,P006,Laptops,1,999.00,Male,31
T00041,C00106,2023-03-13,P007,Laptops,1,1100.00,Female,65
T00042,C00107,2023-03-15,P008,Wearables,1,249.99,Male,29
T00043,C00108,2023-03-17,P009,Wearables,1,350.00,Female,54
T00044,C00109,2023-03-19,P010,Home Automation,1,149.00,Male,46
T00045,C00101,2023-03-21,P011,Home Automation,2,75.00,Male,26
T00046,C00110,2023-03-23,P012,Home Automation,1,199.00,Female,18
T00047,C00111,2023-03-25,P013,Home Automation,1,250.00,Male,72
T00048,C00112,2023-03-27,P014,Accessories,1,19.99,Female,67
T00049,C00101,2023-04-01,P001,Smartphones,1,899.99,Male,30
T00050,C00102,2023-04-03,P002,Smartphones,1,799.00,Female,35
T00051,C00103,2023-04-05,P003,Smartphones,1,650.00,Male,58
T00052,C00104,2023-04-07,P004,Smartphones,1,950.00,Female,21
T00053,C00105,2023-04-09,P005,Laptops,1,1299.00,Male,40
T00054,C00101,2023-04-11,P006,Laptops,1,999.00,Male,27
T00055,C00106,2023-04-13,P007,Laptops,1,1100.00,Female,66
T00056,C00107,2023-04-15,P008,Wearables,,249.99,Male,33
T00057,C00108,2023-04-17,P009,Wearables,1,350.00,Female,50
T00058,C00109,2023-04-19,P010,Home Automation,1,149.00,Male,37
T00059,C00101,2023-04-21,P011,Home Automation,2,75.00,Male,29
T00060,C00110,2023-04-23,P012,Home Automation,1,199.00,Female,24
T00061,C00111,2023-04-25,P013,Home Automation,1,250.00,Male,68
T00062,C00112,2023-04-27,P014,Accessories,1,19.99,Female,70
T00063,C00101,2023-05-01,P001,Smartphones,1,899.99,Male,26
T00064,C00102,2023-05-03,P002,Smartphones,1,799.00,Female,41
T00065,C00103,2023-05-05,P003,Smartphones,1,650.00,Male,55
T00066,C00104,2023-05-07,P004,Smartphones,1,950.00,Female,19
T00067,C00105,2023-05-09,P005,Laptops,1,1299.00,Male,43
T00068,C00101,2023-05-11,P006,Laptops,1,999.00,Male,32
T00069,C00106,2023-05-13,P007,Laptops,1,1100.00,Female,67
T00070,C00107,2023-05-15,P008,Wearables,1,249.99,Male,28
T00071,C00108,2023-05-17,P009,Wearables,1,350.00,Female,52
T00072,C00109,2023-05-19,P010,Home Automation,1,149.00,Male,47
T00073,C00101,2023-05-21,P011,Home Automation,2,75.00,Male,30
T00074,C00110,2023-05-23,P012,Home Automation,1,199.00,Female,20
T00075,C00111,2023-05-25,P013,Home Automation,1,250.00,Male,65
T00076,C00112,2023-05-27,P014,Accessories,,19.99,Female,66
T00077,C00101,2023-06-01,P001,Smartphones,1,899.99,Male,27
T00078,C00102,2023-06-03,P002,Smartphones,1,799.00,Female,38
T00079,C00103,2023-06-05,P003,Smartphones,1,650.00,Male,53
T00080,C00104,2023-06-07,P004,Smartphones,1,950.00,Female,22
T00081,C00105,2023-06-09,P005,Laptops,1,1299.00,Male,46
T00082,C00101,2023-06-11,P006,Laptops,1,999.00,Male,29
T00083,C00106,2023-06-13,P007,Laptops,1,1100.00,Female,69
T00084,C00107,2023-06-15,P008,Wearables,1,249.99,Male,30
T00085,C00108,2023-06-17,P009,Wearables,1,350.00,Female,57
T00086,C00109,2023-06-19,P010,Home Automation,1,149.00,Male,39
T00087,C00101,2023-06-21,P011,Home Automation,2,75.00,Male,26
T00088,C00110,2023-06-23,P012,Home Automation,1,199.00,Female,19
T00089,C00111,2023-06-25,P013,Home Automation,1,250.00,Male,71
T00090,C00112,2023-06-27,P014,Accessories,1,19.99,Female,68
T00091,C00101,2023-07-01,P001,Smartphones,1,899.99,Male,28
T00092,C00102,2023-07-03,P002,Smartphones,1,799.00,Female,42
T00093,C00103,2023-07-05,P003,Smartphones,1,650.00,Male,56
T00094,C00104,2023-07-07,P004,Smartphones,1,950.00,Female,24
T00095,C00105,2023-07-09,P005,Laptops,1,1299.00,Male,41
T00096,C00101,2023-07-11,P006,Laptops,1,999.00,Male,31
T00097,C00106,2023-07-13,P007,Laptops,1,1100.00,Female,65
T00098,C00107,2023-07-15,P008,Wearables,1,249.99,Male,32
T00099,C00108,2023-07-17,P009,Wearables,1,350.00,Female,58
T00100,C00109,2023-07-19,P010,Home Automation,1,149.00,Male,48
T00101,C00101,2023-07-21,P011,Home Automation,2,75.00,Male,25
T00102,C00110,2023-07-23,P012,Home Automation,1,199.00,Female,21
T00103,C00111,2023-07-25,P013,Home Automation,1,250.00,Male,70
T00104,C00112,2023-07-27,P014,Accessories,1,19.99,Female,66
T00105,C00101,2023-08-01,P001,Smartphones,1,899.99,Male,29
T00106,C00102,2023-08-03,P002,Smartphones,1,799.00,Female,37
T00107,C00103,2023-08-05,P003,Smartphones,1,650.00,Male,57
T00108,C00104,2023-08-07,P004,Smartphones,1,950.00,Female,20
T00109,C00105,2023-08-09,P005,Laptops,1,1299.00,Male,45
T00110,C00101,2023-08-11,P006,Laptops,1,999.00,Male,30
T00111,C00106,2023-08-13,P007,Laptops,1,1100.00,Female,67
T00112,C00107,2023-08-15,P008,Wearables,1,249.99,Male,26
T00113,C00108,2023-08-17,P009,Wearables,1,350.00,Female,53
T00114,C00109,2023-08-19,P010,Home Automation,1,149.00,Male,38
T00115,C00101,2023-08-21,P011,Home Automation,2,75.00,Male,31
T00116,C00110,2023-08-23,P012,Home Automation,1,199.00,Female,22
T00117,C00111,2023-08-25,P013,Home Automation,1,250.00,Male,69
T00118,C00112,2023-08-27,P014,Accessories,1,19.99,Female,71
T00119,C00101,2023-09-01,P001,Smartphones,1,899.99,Male,25
T00120,C00102,2023-09-03,P002,Smartphones,1,799.00,Female,39
T00121,C00103,2023-09-05,P003,Smartphones,1,650.00,Male,52
T00122,C00104,2023-09-07,P004,Smartphones,1,950.00,Female,24
T00123,C00105,2023-09-09,P005,Laptops,1,1299.00,Male,43
T00124,C00101,2023-09-11,P006,Laptops,1,999.00,Male,32
T00125,C00106,2023-09-13,P007,Laptops,1,1100.00,Female,66
T00126,C00107,2023-09-15,P008,Wearables,1,249.99,Male,28
T00127,C00108,2023-09-17,P009,Wearables,1,350.00,Female,54
T00128,C00109,2023-09-19,P010,Home Automation,1,149.00,Male,47
T00129,C00101,2023-09-21,P011,Home Automation,2,75.00,Male,30
T00130,C00110,2023-09-23,P012,Home Automation,1,199.00,Female,18
T00131,C00111,2023-09-25,P013,Home Automation,1,250.00,Male,72
T00132,C00112,2023-09-27,P014,Accessories,1,19.99,Female,67
T00133,C00101,2023-10-01,P001,Smartphones,1,899.99,Male,26
T00134,C00102,2023-10-03,P002,Smartphones,1,799.00,Female,41
T00135,C00103,2023-10-05,P003,Smartphones,1,650.00,Male,55
T00136,C00104,2023-10-07,P004,Smartphones,1,950.00,Female,19
T00137,C00105,2023-10-09,P005,Laptops,1,1299.00,Male,40
T00138,C00101,2023-10-11,P006,Laptops,1,999.00,Male,27
T00139,C00106,2023-10-13,P007,Laptops,1,1100.00,Female,65
T00140,C00107,2023-10-15,P008,Wearables,1,249.99,Male,33
T00141,C00108,2023-10-17,P009,Wearables,1,350.00,Female,58
T00142,C00109,2023-10-19,P010,Home Automation,1,149.00,Male,37
T00143,C00101,2023-10-21,P011,Home Automation,2,75.00,Male,29
T00144,C00110,2023-10-23,P012,Home Automation,1,199.00,Female,24
T00145,C00111,2023-10-25,P013,Home Automation,1,250.00,Male,68
T00146,C00112,2023-10-27,P014,Accessories,1,19.99,Female,70
T00147,C00101,2023-11-01,P001,Smartphones,1,899.99,Male,25
T00148,C00102,2023-11-03,P002,Smartphones,1,799.00,Female,42
T00149,C00103,2023-11-05,P003,Smartphones,1,650.00,Male,57
T00150,C00104,2023-11-07,P004,Smartphones,1,950.00,Female,20
T00151,C00105,2023-11-09,P005,Laptops,1,1299.00,Male,45
T00152,C00101,2023-11-11,P006,Laptops,1,999.00,Male,30
T00153,C00106,2023-11-13,P007,Laptops,1,1100.00,Female,67
T00154,C00107,2023-11-15,P008,Wearables,1,249.99,Male,26
T00155,C00108,2023-11-17,P009,Wearables,1,350.00,Female,53
T00156,C00109,2023-11-19,P010,Home Automation,1,149.00,Male,38
T00157,C00101,2023-11-21,P011,Home Automation,2,75.00,Male,31
T00158,C00110,2023-11-23,P012,Home Automation,1,199.00,Female,22
T00159,C00111,2023-11-25,P013,Home Automation,1,250.00,Male,69
T00160,C00112,2023-11-27,P014,Accessories,1,19.99,Female,71
T00161,C00101,2023-12-01,P001,Smartphones,1,899.99,Male,25
T00162,C00102,2023-12-03,P002,Smartphones,1,799.00,Female,39
T00163,C00103,2023-12-05,P003,Smartphones,1,650.00,Male,52
T00164,C00104,2023-12-07,P004,Smartphones,1,950.00,Female,24
T00165,C00105,2023-12-09,P005,Laptops,1,1299.00,Male,43
T00166,C00101,2023-12-11,P006,Laptops,1,999.00,Male,32
T00167,C00106,2023-12-13,P007,Laptops,1,1100.00,Female,66
T00168,C00107,2023-12-15,P008,Wearables,1,249.99,Male,28
T00169,C00108,2023-12-17,P009,Wearables,1,350.00,Female,54
T00170,C00109,2023-12-19,P010,Home Automation,1,149.00,Male,47
T00171,C00101,2023-12-21,P011,Home Automation,2,75.00,Male,30
T00172,C00110,2023-12-23,P012,Home Automation,1,199.00,Female,18
T00173,C00111,2023-12-25,P013,Home Automation,1,250.00,Male,72
T00174,C00112,2023-12-27,P014,Accessories,1,19.99,Female,67
T00175,C00101,2024-01-01,P001,Smartphones,1,899.99,Male,26
T00176,C00102,2024-01-03,P002,Smartphones,1,799.00,Female,41
T00177,C00103,2024-01-05,P003,Smartphones,1,650.00,Male,55
T00178,C00104,2024-01-07,P004,Smartphones,1,950.00,Female,19
T00179,C00105,2024-01-09,P005,Laptops,1,1299.00,Male,40
T00180,C00101,2024-01-11,P006,Laptops,1,999.00,Male,27
T00181,C00106,2024-01-13,P007,Laptops,1,1100.00,Female,65
T00182,C00107,2024-01-15,P008,Wearables,1,249.99,Male,33
T00183,C00108,2024-01-17,P009,Wearables,1,350.00,Female,58
T00184,C00109,2024-01-19,P010,Home Automation,1,149.00,Male,37
T00185,C00101,2024-01-21,P011,Home Automation,2,75.00,Male,29
T00186,C00110,2024-01-23,P012,Home Automation,1,199.00,Female,24
T00187,C00111,2024-01-25,P013,Home Automation,1,250.00,Male,68
T00188,C00112,2024-01-27,P014,Accessories,1,19.99,Female,70
T00189,C00101,2024-02-01,P001,Smartphones,1,899.99,Male,25
T00190,C00102,2024-02-03,P002,Smartphones,1,799.00,Female,42
T00191,C00103,2024-02-05,P003,Smartphones,1,650.00,Male,57
T00192,C00104,2024-02-07,P004,Smartphones,1,950.00,Female,20
T00193,C00105,2024-02-09,P005,Laptops,1,1299.00,Male,45
T00194,C00101,2024-02-11,P006,Laptops,1,999.00,Male,30
T00195,C00106,2024-02-13,P007,Laptops,1,1100.00,Female,67
T00196,C00107,2024-02-15,P008,Wearables,1,249.99,Male,26
T00197,C00108,2024-02-17,P009,Wearables,1,350.00,Female,53
T00198,C00109,2024-02-19,P010,Home Automation,1,149.00,Male,38
T00199,C00101,2024-02-21,P011,Home Automation,2,75.00,Male,31
T00200,C00110,2024-02-23,P012,Home Automation,1,199.00,Female,22
T00201,C00111,2024-02-25,P013,Home Automation,1,250.00,Male,69
T00202,C00112,2024-02-27,P014,Accessories,1,19.99,Female,71
T00203,C00101,2024-03-01,P001,Smartphones,1,899.99,Male,25
T00204,C00102,2024-03-03,P002,Smartphones,1,799.00,Female,39
T00205,C00103,2024-03-05,P003,Smartphones,1,650.00,Male,52
T00206,C00104,2024-03-07,P004,Smartphones,1,950.00,Female,24
T00207,C00105,2024-03-09,P005,Laptops,1,1299.00,Male,43
T00208,C00101,2024-03-11,P006,Laptops,1,999.00,Male,32
T00209,C00106,2024-03-13,P007,Laptops,1,1100.00,Female,66
T00210,C00107,2024-03-15,P008,Wearables,1,249.99,Male,28
T00211,C00108,2024-03-17,P009,Wearables,1,350.00,Female,54
T00212,C00109,2024-03-19,P010,Home Automation,1,149.00,Male,47
T00213,C00101,2024-03-21,P011,Home Automation,2,75.00,Male,30
T00214,C00110,2024-03-23,P012,Home Automation,1,199.00,Female,18
T00215,C00111,2024-03-25,P013,Home Automation,1,250.00,Male,72
T00216,C00112,2024-03-27,P014,Accessories,1,19.99,Female,67
T00217,C00101,2024-04-01,P001,Smartphones,1,899.99,Male,26
T00218,C00102,2024-04-03,P002,Smartphones,1,799.00,Female,41
T00219,C00103,2024-04-05,P003,Smartphones,1,650.00,Male,55
T00220,C00104,2024-04-07,P004,Smartphones,1,950.00,Female,19
T00221,C00105,2024-04-09,P005,Laptops,1,1299.00,Male,40
T00222,C00101,2024-04-11,P006,Laptops,1,999.00,Male,27
T00223,C00106,2024-04-13,P007,Laptops,1,1100.00,Female,65
T00224,C00107,2024-04-15,P008,Wearables,1,249.99,Male,33
T00225,C00108,2024-04-17,P009,Wearables,1,350.00,Female,58
T00226,C00109,2024-04-19,P010,Home Automation,1,149.00,Male,37
T00227,C00101,2024-04-21,P011,Home Automation,2,75.00,Male,29
T00228,C00110,2024-04-23,P012,Home Automation,1,199.00,Female,24
T00229,C00111,2024-04-25,P013,Home Automation,1,250.00,Male,68
T00230,C00112,2024-04-27,P014,Accessories,1,19.99,Female,70
T00231,C00101,2024-05-01,P001,Smartphones,1,899.99,Male,25
T00232,C00102,2024-05-03,P002,Smartphones,1,799.00,Female,42
T00233,C00103,2024-05-05,P003,Smartphones,1,650.00,Male,57
T00234,C00104,2024-05-07,P004,Smartphones,1,950.00,Female,20
T00235,C00105,2024-05-09,P005,Laptops,1,1299.00,Male,45
T00236,C00101,2024-05-11,P006,Laptops,1,999.00,Male,30
T00237,C00106,2024-05-13,P007,Laptops,1,1100.00,Female,67
T00238,C00107,2024-05-15,P008,Wearables,1,249.99,Male,26
T00239,C00108,2024-05-17,P009,Wearables,1,350.00,Female,53
T00240,C00109,2024-05-19,P010,Home Automation,1,149.00,Male,38
T00241,C00101,2024-05-21,P011,Home Automation,2,75.00,Male,31
T00242,C00110,2024-05-23,P012,Home Automation,1,199.00,Female,22
T00243,C00111,2024-05-25,P013,Home Automation,1,250.00,Male,69
T00244,C00112,2024-05-27,P014,Accessories,1,19.99,Female,71
T00245,C00101,2024-06-01,P001,Smartphones,1,899.99,Male,25
T00246,C00102,2024-06-03,P002,Smartphones,1,799.00,Female,39
T00247,C00103,2024-06-05,P003,Smartphones,1,650.00,Male,52
T00248,C00104,2024-06-07,P004,Smartphones,1,950.00,Female,24
T00249,C00105,2024-06-09,P005,Laptops,1,1299.00,Male,43
T00250,C00101,2024-06-11,P006,Laptops,1,999.00,Male,32
T00251,C00106,2024-06-13,P007,Laptops,1,1100.00,Female,66
T00252,C00107,2024-06-15,P008,Wearables,1,249.99,Male,28
T00253,C00108,2024-06-17,P009,Wearables,1,350.00,Female,54
T00254,C00109,2024-06-19,P010,Home Automation,1,149.00,Male,47
T00255,C00101,2024-06-21,P011,Home Automation,2,75.00,Male,30
T00256,C00110,2024-06-23,P012,Home Automation,1,199.00,Female,18
T00257,C00111,2024-06-25,P013,Home Automation,1,250.00,Male,72
T00258,C00112,2024-06-27,P014,Accessories,1,19.99,Female,67
T00259,C00101,2024-07-01,P001,Smartphones,1,899.99,Male,26
T00260,C00102,2024-07-03,P002,Smartphones,1,799.00,Female,41
T00261,C00103,2024-07-05,P003,Smartphones,1,650.00,Male,55
T00262,C00104,2024-07-07,P004,Smartphones,1,950.00,Female,19
T00263,C00105,2024-07-09,P005,Laptops,1,1299.00,Male,40
T00264,C00101,2024-07-11,P006,Laptops,1,999.00,Male,27
T00265,C00106,2024-07-13,P007,Laptops,1,1100.00,Female,65
T00266,C00107,2024-07-15,P008,Wearables,1,249.99,Male,33
T00267,C00108,2024-07-17,P009,Wearables,1,350.00,Female,58
T00268,C00109,2024-07-19,P010,Home Automation,1,149.00,Male,37
T00269,C00101,2024-07-21,P011,Home Automation,2,75.00,Male,29
T00270,C00110,2024-07-23,P012,Home Automation,1,199.00,Female,24
T00271,C00111,2024-07-25,P013,Home Automation,1,250.00,Male,68
T00272,C00112,2024-07-27,P014,Accessories,1,19.99,Female,70
T00273,C00101,2024-08-01,P001,Smartphones,1,899.99,Male,25
T00274,C00102,2024-08-03,P002,Smartphones,1,799.00,Female,42
T00275,C00103,2024-08-05,P003,Smartphones,1,650.00,Male,57
T00276,C00104,2024-08-07,P004,Smartphones,1,950.00,Female,20
T00277,C00105,2024-08-09,P005,Laptops,1,1299.00,Male,45
T00278,C00101,2024-08-11,P006,Laptops,1,999.00,Male,30
T00279,C00106,2024-08-13,P007,Laptops,1,1100.00,Female,67
T00280,C00107,2024-08-15,P008,Wearables,1,249.99,Male,26
T00281,C00108,2024-08-17,P009,Wearables,1,350.00,Female,53
T00282,C00109,2024-08-19,P010,Home Automation,1,149.00,Male,38
T00283,C00101,2024-08-21,P011,Home Automation,2,75.00,Male,31
T00284,C00110,2024-08-23,P012,Home Automation,1,199.00,Female,22
T00285,C00111,2024-08-25,P013,Home Automation,1,250.00,Male,69
T00286,C00112,2024-08-27,P014,Accessories,1,19.99,Female,71
T00287,C00101,2024-09-01,P001,Smartphones,1,899.99,Male,25
T00288,C00102,2024-09-03,P002,Smartphones,1,799.00,Female,39
T00289,C00103,2024-09-05,P003,Smartphones,1,650.00,Male,52
T00290,C00104,2024-09-07,P004,Smartphones,1,950.00,Female,24
T00291,C00105,2024-09-09,P005,Laptops,1,1299.00,Male,43
T00292,C00101,2024-09-11,P006,Laptops,1,999.00,Male,32
T00293,C00106,2024-09-13,P007,Laptops,1,1100.00,Female,66
T00294,C00107,2024-09-15,P008,Wearables,1,249.99,Male,28
T00295,C00108,2024-09-17,P009,Wearables,1,350.00,Female,54
T00296,C00109,2024-09-19,P010,Home Automation,1,149.00,Male,47
T00297,C00101,2024-09-21,P011,Home Automation,2,75.00,Male,30
T00298,C00110,2024-09-23,P012,Home Automation,1,199.00,Female,18
T00299,C00111,2024-09-25,P013,Home Automation,1,250.00,Male,72
T00300,C00112,2024-09-27,P014,Accessories,1,19.99,Female,67
T00301,C00101,2024-10-01,P001,Smartphones,1,899.99,Male,26
T00302,C00102,2024-10-03,P002,Smartphones,1,799.00,Female,41
T00303,C00103,2024-10-05,P003,Smartphones,1,650.00,Male,55
T00304,C00104,2024-10-07,P004,Smartphones,1,950.00,Female,19
T00305,C00105,2024-10-09,P005,Laptops,1,1299.00,Male,40
T00306,C00101,2024-10-11,P006,Laptops,1,999.00,Male,27
T00307,C00106,2024-10-13,P007,Laptops,1,1100.00,Female,65
T00308,C00107,2024-10-15,P008,Wearables,1,249.99,Male,33
T00309,C00108,2024-10-17,P009,Wearables,1,350.00,Female,58
T00310,C00109,2024-10-19,P010,Home Automation,1,149.00,Male,37
T00311,C00101,2024-10-21,P011,Home Automation,2,75.00,Male,29
T00312,C00110,2024-10-23,P012,Home Automation,1,199.00,Female,24
T00313,C00111,2024-10-25,P013,Home Automation,1,250.00,Male,68
T00314,C00112,2024-10-27,P014,Accessories,1,19.99,Female,70
T00315,C00101,2024-11-01,P001,Smartphones,1,899.99,Male,25
T00316,C00102,2024-11-03,P002,Smartphones,1,799.00,Female,42
T00317,C00103,2024-11-05,P003,Smartphones,1,650.00,Male,57
T00318,C00104,2024-11-07,P004,Smartphones,1,950.00,Female,20
T00319,C00105,2024-11-09,P005,Laptops,1,1299.00,Male,45
T00320,C00101,2024-11-11,P006,Laptops,1,999.00,Male,30
T00321,C00106,2024-11-13,P007,Laptops,1,1100.00,Female,67
T00322,C00107,2024-11-15,P008,Wearables,1,249.99,Male,26
T00323,C00108,2024-11-17,P009,Wearables,1,350.00,Female,53
T00324,C00109,2024-11-19,P010,Home Automation,1,149.00,Male,38
T00325,C00101,2024-11-21,P011,Home Automation,2,75.00,Male,31
T00326,C00110,2024-11-23,P012,Home Automation,1,199.00,Female,22
T00327,C00111,2024-11-25,P013,Home Automation,1,250.00,Male,69
T00328,C00112,2024-11-27,P014,Accessories,1,19.99,Female,71
T00329,C00101,2024-12-01,P001,Smartphones,1,899.99,Male,25
T00330,C00102,2024-12-03,P002,Smartphones,1,799.00,Female,39
T00331,C00103,2024-12-05,P003,Smartphones,1,650.00,Male,52
T00332,C00104,2024-12-07,P004,Smartphones,1,950.00,Female,24
T00333,C00105,2024-12-09,P005,Laptops,1,1299.00,Male,43
T00334,C00101,2024-12-11,P006,Laptops,1,999.00,Male,32
T00335,C00106,2024-12-13,P007,Laptops,1,1100.00,Female,66
T00336,C00107,2024-12-15,P008,Wearables,1,249.99,Male,28
T00337,C00108,2024-12-17,P009,Wearables,1,350.00,Female,54
T00338,C00109,2024-12-19,P010,Home Automation,1,149.00,Male,47
T00339,C00101,2024-12-21,P011,Home Automation,2,75.00,Male,30
T00340,C00110,2024-12-23,P012,Home Automation,1,199.00,Female,18
T00341,C00111,2024-12-25,P013,Home Automation,1,250.00,Male,72
T00342,C00112,2024-12-27,P014,Accessories,1,19.99,Female,67
T00343,C00113,2023-03-10,P001,Smartphones,1,899.99,Male,33
T00344,C00113,2023-04-15,P015,Accessories,2,19.99,Male,31
T00345,C00113,2023-06-20,P005,Laptops,1,1299.00,Male,34
T00346,C00114,2023-01-20,P002,Smartphones,1,799.00,Female,46
T00347,C00114,2023-02-25,P008,Wearables,1,249.99,Female,40
T00348,C00115,2023-05-01,P010,Home Automation,1,149.00,Male,59
T00349,C00116,2023-08-10,P016,Accessories,3,9.50,Female,20
T00350,C00117,2023-11-20,P003,Smartphones,1,650.00,Male,70
T00351,C00118,2023-01-01,P006,Laptops,1,999.00,Female,26
T00352,C00118,2023-02-01,P011,Home Automation,2,75.00,Female,27
T00353,C00118,2023-03-01,P004,Smartphones,1,950.00,Female,25
T00354,C00118,2023-04-01,P017,Accessories,1,15.00,Female,28
T00355,C00118,2023-05-01,P012,Home Automation,1,199.00,Female,29
T00356,C00118,2023-06-01,P007,Laptops,1,1100.00,Female,30
T00357,C00118,2023-07-01,P009,Wearables,1,350.00,Female,26
T00358,C00118,2023-08-01,P018,Accessories,2,25.00,Female,27
T00359,C00118,2023-09-01,P001,Smartphones,1,899.99,Female,28
T00360,C00118,2023-10-01,P002,Smartphones,1,799.00,Female,29
T00361,C00118,2023-11-01,P003,Smartphones,1,650.00,Female,30
T00362,C00118,2023-12-01,P004,Smartphones,1,950.00,Female,25
T00363,C00119,2023-01-01,P005,Laptops,1,1299.00,Male,40
T00364,C00119,2023-03-15,P006,Laptops,1,999.00,Male,41
T00365,C00119,2023-05-20,P007,Laptops,1,1100.00,Male,42
T00366,C00119,2023-07-25,P008,Wearables,1,249.99,Male,43
T00367,C00119,2023-09-30,P009,Wearables,1,350.00,Male,44
T00368,C00119,2023-12-05,P010,Home Automation,1,149.00,Male,45
T00369,C00120,2023-02-01,P011,Home Automation,2,75.00,Female,50
T00370,C00120,2023-04-01,P012,Home Automation,1,199.00,Female,51
T00371,C00120,2023-06-01,P013,Home Automation,1,250.00,Female,52
T00372,C00120,2023-08-01,P014,Accessories,1,19.99,Female,53
T00373,C00120,2023-10-01,P015,Accessories,2,19.99,Female,54
T00374,C00120,2023-12-01,P016,Accessories,3,9.50,Female,55
T00375,C00121,2024-01-10,P001,Smartphones,1,899.99,Male,65
T00376,C00121,2024-02-15,P002,Smartphones,1,799.00,Male,66
T00377,C00121,2024-03-20,P003,Smartphones,1,650.00,Male,67
T00378,C00121,2024-04-25,P004,Smartphones,1,950.00,Male,68
T00379,C00121,2024-05-30,P005,Laptops,1,1299.00,Male,69
T00380,C00121,2024-07-05,P006,Laptops,1,999.00,Male,70
T00381,C00121,2024-08-10,P007,Laptops,1,1100.00,Male,71
T00382,C00121,2024-09-15,P008,Wearables,1,249.99,Male,72
T00383,C00121,2024-10-20,P009,Wearables,1,350.00,Male,73
T00384,C00121,2024-11-25,P010,Home Automation,1,149.00,Male,74
T00385,C00121,2024-12-30,P011,Home Automation,2,75.00,Male,75
T00386,C00122,2024-01-01,P012,Home Automation,1,199.00,Female,18
T00387,C00122,2024-01-02,P013,Home Automation,1,250.00,Female,19
T00388,C00122,2024-01-03,P014,Accessories,1,19.99,Female,20
T00389,C00122,2024-01-04,P015,Accessories,2,19.99,Female,21
T00390,C00122,2024-01-05,P016,Accessories,3,9.50,Female,22
T00391,C00123,2024-03-01,P001,Smartphones,1,899.99,Male,25
T00392,C00124,2024-05-15,P002,Smartphones,1,799.00,Female,35
T00393,C00125,2024-07-20,P003,Smartphones,1,650.00,Male,50
T00394,C00126,2024-09-01,P004,Smartphones,1,950.00,Female,18
T00395,C00127,2024-11-10,P005,Laptops,1,1299.00,Male,35
T00396,C00128,2023-01-01,P006,Laptops,1,999.00,Female,40
T00397,C00128,2024-01-01,P007,Laptops,1,1100.00,Male,50
T00398,C00129,2023-03-01,P008,Wearables,1,249.99,Female,65
T00399,C00129,2024-03-01,P009,Wearables,1,350.00,Male,18
T00400,C00130,2023-05-01,P010,Home Automation,1,149.00,Female,25
T00401,C00130,2024-05-01,P011,Home Automation,2,75.00,Male,35
T00402,C00131,2023-07-01,P012,Home Automation,1,199.00,Female,50
T00403,C00131,2024-07-01,P013,Home Automation,1,250.00,Male,65
T00404,C00132,2023-09-01,P014,Accessories,1,19.99,Female,18
T00405,C00132,2024-09-01,P015,Accessories,2,19.99,Male,25
T00406,C00133,2023-11-01,P016,Accessories,3,9.50,Female,35
T00407,C00133,2024-11-01,P017,Accessories,1,15.00,Male,50
T00408,C00134,2024-01-15,P001,Smartphones,1,899.99,Female,65
T00409,C00134,2024-02-15,P002,Smartphones,1,799.00,Male,18
T00410,C00134,2024-03-15,P003,Smartphones,1,650.00,Female,25
T00411,C00135,2024-01-20,P004,Smartphones,1,950.00,Male,35
T00412,C00135,2024-02-20,P005,Laptops,1,1299.00,Female,50
T00413,C00135,2024-03-20,P006,Laptops,1,999.00,Male,65
T00414,C00136,2024-01-25,P007,Laptops,1,1100.00,Female,18
T00415,C00136,2024-02-25,P008,Wearables,1,249.99,Male,25
T00416,C00136,2024-03-25,P009,Wearables,1,350.00,Female,35
T00417,C00137,2024-01-30,P010,Home Automation,1,149.00,Male,50
T00418,C00137,2024-02-28,P011,Home Automation,2,75.00,Female,65
T00419,C00137,2024-03-30,P012,Home Automation,1,199.00,Male,18
T00420,C00138,2023-04-01,P001,Smartphones,1,899.99,Female,25
T00421,C00139,2023-04-05,P002,Smartphones,1,799.00,Male,35
T00422,C00140,2023-04-10,P003,Smartphones,1,650.00,Female,50
T00423,C00141,2023-04-15,P004,Smartphones,1,950.00,Male,65
T00424,C00142,2023-04-20,P005,Laptops,1,1299.00,Female,18
T00425,C00143,2023-04-25,P006,Laptops,1,999.00,Male,25
T00426,C00144,2023-04-30,P007,Laptops,1,1100.00,Female,35
T00427,C00145,2023-05-05,P008,Wearables,1,249.99,Male,50
T00428,C00146,2023-05-10,P009,Wearables,1,350.00,Female,65
T00429,C00147,2023-05-15,P010,Home Automation,1,149.00,Male,18
T00430,C00148,2023-05-20,P011,Home Automation,2,75.00,Female,25
T00431,C00149,2023-05-25,P012,Home Automation,1,199.00,Male,35
T00432,C00150,2023-05-30,P013,Home Automation,1,250.00,Female,50
T00433,C00151,2023-06-05,P014,Accessories,1,19.99,Male,65
T00434,C00152,2023-06-10,P015,Accessories,2,19.99,Female,18
T00435,C00153,2023-06-15,P016,Accessories,3,9.50,Male,25
T00436,C00154,2023-06-20,P017,Accessories,1,15.00,Female,35
T00437,C00155,2023-06-25,P018,Accessories,2,25.00,Male,50
T00438,C00156,2023-07-01,P001,Smartphones,1,899.99,Female,65
T00439,C00157,2023-07-05,P002,Smartphones,1,799.00,Male,18
T00440,C00158,2023-07-10,P003,Smartphones,1,650.00,Female,25
T00441,C00159,2023-07-15,P004,Smartphones,1,950.00,Male,35
T00442,C00160,2023-07-20,P005,Laptops,1,1299.00,Female,50
T00443,C00161,2023-07-25,P006,Laptops,1,999.00,Male,65
T00444,C00162,2023-07-30,P007,Laptops,1,1100.00,Female,18
T00445,C00163,2023-08-05,P008,Wearables,1,249.99,Male,25
T00446,C00164,2023-08-10,P009,Wearables,1,350.00,Female,35
T00447,C00165,2023-08-15,P010,Home Automation,1,149.00,Male,50
T00448,C00166,2023-08-20,P011,Home Automation,2,75.00,Female,65
T00449,C00167,2023-08-25,P012,Home Automation,1,199.00,Male,18
T00450,C00168,2023-08-30,P013,Home Automation,1,250.00,Female,25
T00451,C00169,2023-09-05,P014,Accessories,1,19.99,Male,35
T00452,C00170,2023-09-10,P015,Accessories,2,19.99,Female,50
T00453,C00171,2023-09-15,P016,Accessories,3,9.50,Male,65
T00454,C00172,2023-09-20,P017,Accessories,1,15.00,Female,18
T00455,C00173,2023-09-25,P018,Accessories,2,25.00,Male,25
T00456,C00174,2023-10-01,P001,Smartphones,1,899.99,Female,35
T00457,C00175,2023-10-05,P002,Smartphones,1,799.00,Male,50
T00458,C00176,2023-10-10,P003,Smartphones,1,650.00,Female,65
T00459,C00177,2023-10-15,P004,Smartphones,1,950.00,Male,18
T00460,C00178,2023-10-20,P005,Laptops,1,1299.00,Female,25
T00461,C00179,2023-10-25,P006,Laptops,1,999.00,Male,35
T00462,C00180,2023-10-30,P007,Laptops,1,1100.00,Female,50
T00463,C00181,2023-11-05,P008,Wearables,1,249.99,Male,65
T00464,C00182,2023-11-10,P009,Wearables,1,350.00,Female,18
T00465,C00183,2023-11-15,P010,Home Automation,1,149.00,Male,25
T00466,C00184,2023-11-20,P011,Home Automation,2,75.00,Female,35
T00467,C00185,2023-11-25,P012,Home Automation,1,199.00,Male,50
T00468,C00186,2023-11-30,P013,Home Automation,1,250.00,Female,65
T00469,C00187,2023-12-05,P014,Accessories,1,19.99,Male,18
T00470,C00188,2023-12-10,P015,Accessories,2,19.99,Female,25
T00471,C00189,2023-12-15,P016,Accessories,3,9.50,Male,35
T00472,C00190,2023-12-20,P017,Accessories,1,15.00,Female,50
T00473,C00191,2023-12-25,P018,Accessories,2,25.00,Male,65
T00474,C00192,2024-01-01,P001,Smartphones,1,899.99,Female,18
T00475,C00193,2024-01-05,P002,Smartphones,1,799.00,Male,25
T00476,C00194,2024-01-10,P003,Smartphones,1,650.00,Female,35
T00477,C00195,2024-01-15,P004,Smartphones,1,950.00,Male,50
T00478,C00196,2024-01-20,P005,Laptops,1,1299.00,Female,65
T00479,C00197,2024-01-25,P006,Laptops,1,999.00,Male,18
T00480,C00198,2024-01-30,P007,Laptops,1,1100.00,Female,25
T00481,C00199,2024-02-05,P008,Wearables,1,249.99,Male,35
T00482,C00200,2024-02-10,P009,Wearables,1,350.00,Female,50
T00483,C00201,2024-02-15,P010,Home Automation,1,149.00,Male,65
T00484,C00202,2024-02-20,P011,Home Automation,2,75.00,Female,18
T00485,C00203,2024-02-25,P012,Home Automation,1,199.00,Male,25
T00486,C00204,2024-02-29,P013,Home Automation,1,250.00,Female,35
T00487,C00205,2024-03-05,P014,Accessories,1,19.99,Male,50
T00488,C00206,2024-03-10,P015,Accessories,2,19.99,Female,65
T00489,C00207,2024-03-15,P016,Accessories,3,9.50,Male,18
T00490,C00208,2024-03-20,P017,Accessories,1,15.00,Female,25
T00491,C00209,2024-03-25,P018,Accessories,2,25.00,Male,35
T00492,C00210,2024-04-01,P001,Smartphones,1,899.99,Female,50
T00493,C00211,2024-04-05,P002,Smartphones,1,799.00,Male,65
T00494,C00212,2024-04-10,P003,Smartphones,1,650.00,Female,18
T00495,C00213,2024-04-15,P004,Smartphones,1,950.00,Male,25
T00496,C00214,2024-04-20,P005,Laptops,1,1299.00,Female,35
T00497,C00215,2024-04-25,P006,Laptops,1,999.00,Male,50
T00498,C00216,2024-04-30,P007,Laptops,1,1100.00,Female,65
T00499,C00217,2024-05-05,P008,Wearables,1,249.99,Male,18
T00500,C00218,2024-05-10,P009,Wearables,1,350.00,Female,25
T00501,C00219,2024-05-15,P010,Home Automation,1,149.00,Male,35
T00502,C00220,2024-05-20,P011,Home Automation,2,75.00,Female,50
T00503,C00221,2024-05-25,P012,Home Automation,1,199.00,Male,65
T00504,C00222,2024-05-30,P013,Home Automation,1,250.00,Female,18
T00505,C00223,2024-06-05,P014,Accessories,1,19.99,Male,25
T00506,C00224,2024-06-10,P015,Accessories,2,19.99,Female,35
T00507,C00225,2024-06-15,P016,Accessories,3,9.50,Male,50
T00508,C00226,2024-06-20,P017,Accessories,1,15.00,Female,65
T00509,C00227,2024-06-25,P018,Accessories,2,25.00,Male,18
T00510,C00228,2024-07-01,P001,Smartphones,1,899.99,Female,25
T00511,C00229,2024-07-05,P002,Smartphones,1,799.00,Male,35
T00512,C00230,2024-07-10,P003,Smartphones,1,650.00,Female,50
T00513,C00231,2024-07-15,P004,Smartphones,1,950.00,Male,65
T00514,C00232,2024-07-20,P005,Laptops,1,1299.00,Female,18
T00515,C00233,2024-07-25,P006,Laptops,1,999.00,Male,25
T00516,C00234,2024-07-30,P007,Laptops,1,1100.00,Female,35
T00517,C00235,2024-08-05,P008,Wearables,1,249.99,Male,50
T00518,C00236,2024-08-10,P009,Wearables,1,350.00,Female,65
T00519,C00237,2024-08-15,P010,Home Automation,1,149.00,Male,18
T00520,C00238,2024-08-20,P011,Home Automation,2,75.00,Female,25
T00521,C00239,2024-08-25,P012,Home Automation,1,199.00,Male,35
T00522,C00240,2024-08-30,P013,Home Automation,1,250.00,Female,50
T00523,C00241,2024-09-05,P014,Accessories,1,19.99,Male,65
T00524,C00242,2024-09-10,P015,Accessories,2,19.99,Female,18
T00525,C00243,2024-09-15,P016,Accessories,3,9.50,Male,25
T00526,C00244,2024-09-20,P017,Accessories,1,15.00,Female,35
T00527,C00245,2024-09-25,P018,Accessories,2,25.00,Male,50
T00528,C00246,2024-10-01,P001,Smartphones,1,899.99,Female,65
T00529,C00247,2024-10-05,P002,Smartphones,1,799.00,Male,18
T00530,C00248,2024-10-10,P003,Smartphones,1,650.00,Female,25
T00531,C00249,2024-10-15,P004,Smartphones,1,950.00,Male,35
T00532,C00250,2024-10-20,P005,Laptops,1,1299.00,Female,50
T00533,C00251,2024-10-25,P006,Laptops,1,999.00,Male,65
T00534,C00252,2024-10-30,P007,Laptops,1,1100.00,Female,18
T00535,C00253,2024-11-05,P008,Wearables,1,249.99,Male,25
T00536,C00254,2024-11-10,P009,Wearables,1,350.00,Female,35
T00537,C00255,2024-11-15,P010,Home Automation,1,149.00,Male,50
T00538,C00256,2024-11-20,P011,Home Automation,2,75.00,Female,65
T00539,C00257,2024-11-25,P012,Home Automation,1,199.00,Male,18
T00540,C00258,2024-11-30,P013,Home Automation,1,250.00,Female,25
T00541,C00259,2024-12-05,P014,Accessories,1,19.99,Male,35
T00542,C00260,2024-12-10,P015,Accessories,2,19.99,Female,50
T00543,C00261,2024-12-15,P016,Accessories,3,9.50,Male,65
T00544,C00262,2024-12-20,P017,Accessories,1,15.00,Female,18
T00545,C00263,2024-12-25,P018,Accessories,2,25.00,Male,25
T00546,C00264,2023-01-01,P001,Smartphones,1,899.99,Female,30
T00547,C00264,2023-03-01,P002,Smartphones,1,799.00,Female,31
T00548,C00264,2023-05-01,P003,Smartphones,1,650.00,Female,32
T00549,C00264,2023-07-01,P004,Smartphones,1,950.00,Female,33
T00550,C00264,2023-09-01,P005,Laptops,1,1299.00,Female,34
T00551,C00264,2023-11-01,P006,Laptops,1,999.00,Female,30
T00552,C00264,2024-01-01,P007,Laptops,1,1100.00,Female,31
T00553,C00264,2024-03-01,P008,Wearables,1,249.99,Female,32
T00554,C00264,2024-05-01,P009,Wearables,1,350.00,Female,33
T00555,C00264,2024-07-01,P010,Home Automation,1,149.00,Female,34
T00556,C00264,2024-09-01,P011,Home Automation,2,75.00,Female,30
T00557,C00264,2024-11-01,P012,Home Automation,1,199.00,Female,31
T00558,C00265,2023-02-10,P013,Home Automation,1,250.00,Male,40
T00559,C00265,2023-06-10,P014,Accessories,1,19.99,Male,41
T00560,C00265,2023-10-10,P015,Accessories,2,19.99,Male,42
T00561,C00265,2024-02-10,P016,Accessories,3,9.50,Male,43
T00562,C00265,2024-06-10,P017,Accessories,1,15.00,Male,44
T00563,C00265,2024-10-10,P018,Accessories,2,25.00,Male,45
T00564,C00266,2024-12-28,P001,Smartphones,1,899.99,Female,50
T00565,C00267,2024-12-29,P002,Smartphones,1,799.00,Male,60
T00566,C00268,2024-12-30,P003,Smartphones,1,650.00,Female,70
T00567,C00269,2024-12-31,P004,Smartphones,1,950.00,Male,20
T00568,C00270,2023-01-01,P005,Laptops,1,1299.00,Female,30
T00569,C00270,2023-01-02,P006,Laptops,1,999.00,Female,31
T00570,C00270,2023-01-03,P007,Laptops,1,1100.00,Female,32
T00571,C00270,2023-01-04,P008,Wearables,1,249.99,Female,33
T00572,C00270,2023-01-05,P009,Wearables,1,350.00,Female,34
T00573,C00270,2023-01-06,P010,Home Automation,1,149.00,Female,30
T00574,C00270,2023-01-07,P011,Home Automation,2,75.00,Female,31
T00575,C00270,2023-01-08,P012,Home Automation,1,199.00,Female,32
T00576,C00270,2023-01-09,P013,Home Automation,1,250.00,Female,33
T00577,C00270,2023-01-10,P014,Accessories,1,19.99,Female,34
T00578,C00270,2023-01-11,P015,Accessories,2,19.99,Female,30
T00579,C00270,2023-01-12,P016,Accessories,3,9.50,Female,31
T00580,C00270,2023-01-13,P017,Accessories,1,15.00,Female,32
T00581,C00270,2023-01-14,P018,Accessories,2,25.00,Female,33
T00582,C00271,2023-01-15,P001,Smartphones,1,899.99,Male,40
T00583,C00271,2023-01-16,P002,Smartphones,1,799.00,Male,41
T00584,C00271,2023-01-17,P003,Smartphones,1,650.00,Male,42
T00585,C00271,2023-01-18,P004,Smartphones,1,950.00,Male,43
T00586,C00271,2023-01-19,P005,Laptops,1,1299.00,Male,44
T00587,C00271,2023-01-20,P006,Laptops,1,999.00,Male,45
T00588,C00271,2023-01-21,P007,Laptops,1,1100.00,Male,40
T00589,C00271,2023-01-22,P008,Wearables,1,249.99,Male,41
T00590,C00271,2023-01-23,P009,Wearables,1,350.00,Male,42
T00591,C00271,2023-01-24,P010,Home Automation,1,149.00,Male,43
T00592,C00271,2023-01-25,P011,Home Automation,2,75.00,Male,44
T00593,C00271,2023-01-26,P012,Home Automation,1,199.00,Male,45
T00594,C00271,2023-01-27,P013,Home Automation,1,250.00,Male,40
T00595,C00271,2023-01-28,P014,Accessories,1,19.99,Male,41
T00596,C00271,2023-01-29,P015,Accessories,2,19.99,Male,42
T00597,C00271,2023-01-30,P016,Accessories,3,9.50,Male,43
T00598,C00271,2023-01-31,P017,Accessories,1,15.00,Male,44
T00599,C00271,2023-02-01,P018,Accessories,2,25.00,Male,45
T00600,C00272,2023-02-02,P001,Smartphones,1,899.99,Female,50
T00601,C00272,2023-02-03,P002,Smartphones,1,799.00,Female,51
T00602,C00272,2023-02-04,P003,Smartphones,1,650.00,Female,52
T00603,C00272,2023-02-05,P004,Smartphones,1,950.00,Female,53
T00604,C00272,2023-02-06,P005,Laptops,1,1299.00,Female,54
T00605,C00272,2023-02-07,P006,Laptops,1,999.00,Female,55
T00606,C00272,2023-02-08,P007,Laptops,1,1100.00,Female,50
T00607,C00272,2023-02-09,P008,Wearables,1,249.99,Female,51
T00608,C00272,2023-02-10,P009,Wearables,1,350.00,Female,52
T00609,C00272,2023-02-11,P010,Home Automation,1,149.00,Female,53
T00610,C00272,2023-02-12,P011,Home Automation,2,75.00,Female,54
T00611,C00272,2023-02-13,P012,Home Automation,1,199.00,Female,55
T00612,C00272,2023-02-14,P013,Home Automation,1,250.00,Female,50
T00613,C00272,2023-02-15,P014,Accessories,1,19.99,Female,51
T00614,C00272,2023-02-16,P015,Accessories,2,19.99,Female,52
T00615,C00272,2023-02-17,P016,Accessories,3,9.50,Female,53
T00616,C00272,2023-02-18,P017,Accessories,1,15.00,Female,54
T00617,C00272,2023-02-19,P018,Accessories,2,25.00,Female,55
T00618,C00273,2023-02-20,P001,Smartphones,1,899.99,Male,65
T00619,C00273,2023-02-21,P002,Smartphones,1,799.00,Male,66
T00620,C00273,2023-02-22,P003,Smartphones,1,650.00,Male,67
T00621,C00273,2023-02-23,P004,Smartphones,1,950.00,Male,68
T00622,C00273,2023-02-24,P005,Laptops,1,1299.00,Male,69
T00623,C00273,2023-02-25,P006,Laptops,1,999.00,Male,70
T00624,C00273,2023-02-26,P007,Laptops,1,1100.00,Male,71
T00625,C00273,2023-02-27,P008,Wearables,1,249.99,Male,72
T00626,C00273,2023-02-28,P009,Wearables,1,350.00,Male,73
T00627,C00274,2023-03-01,P010,Home Automation,1,149.00,Female,18
T00628,C00274,2023-03-02,P011,Home Automation,2,75.00,Female,19
T00629,C00274,2023-03-03,P012,Home Automation,1,199.00,Female,20
T00630,C00274,2023-03-04,P013,Home Automation,1,250.00,Female,21
T00631,C00274,2023-03-05,P014,Accessories,1,19.99,Female,22
T00632,C00274,2023-03-06,P015,Accessories,2,19.99,Female,23
T00633,C00274,2023-03-07,P016,Accessories,3,9.50,Female,24
T00634,C00274,2023-03-08,P017,Accessories,1,15.00,Female,18
T00635,C00274,2023-03-09,P018,Accessories,2,25.00,Female,19
T00636,C00275,2023-03-10,P001,Smartphones,1,899.99,Male,25
T00637,C00275,2023-03-11,P002,Smartphones,1,799.00,Male,26
T00638,C00275,2023-03-12,P003,Smartphones,1,650.00,Male,27
T00639,C00275,2023-03-13,P004,Smartphones,1,950.00,Male,28
T00640,C00275,2023-03-14,P005,Laptops,1,1299.00,Male,29
T00641,C00275,2023-03-15,P006,Laptops,1,999.00,Male,30
T00642,C00275,2023-03-16,P007,Laptops,1,1100.00,Male,31
T00643,C00275,2023-03-17,P008,Wearables,1,249.99,Male,32
T00644,C00275,2023-03-18,P009,Wearables,1,350.00,Male,33
T00645,C00275,2023-03-19,P010,Home Automation,1,149.00,Male,34
T00646,C00275,2023-03-20,P011,Home Automation,2,75.00,Male,25
T00647,C00275,2023-03-21,P012,Home Automation,1,199.00,Male,26
T00648,C00275,2023-03-22,P013,Home Automation,1,250.00,Male,27
T00649,C00275,2023-03-23,P014,Accessories,1,19.99,Male,28
T00650,C00275,2023-03-24,P015,Accessories,2,19.99,Male,29
T00651,C00275,2023-03-25,P016,Accessories,3,9.50,Male,30
T00652,C00275,2023-03-26,P017,Accessories,1,15.00,Male,31
T00653,C00275,2023-03-27,P018,Accessories,2,25.00,Male,32
T00654,C00276,2023-03-28,P001,Smartphones,1,899.99,Female,35
T00655,C00276,2023-03-29,P002,Smartphones,1,799.00,Female,36
T00656,C00276,2023-03-30,P003,Smartphones,1,650.00,Female,37
T00657,C00276,2023-03-31,P004,Smartphones,1,950.00,Female,38
T00658,C00277,2023-04-01,P005,Laptops,1,1299.00,Male,40
T00659,C00277,2023-04-02,P006,Laptops,1,999.00,Male,41
T00660,C00277,2023-04-03,P007,Laptops,1,1100.00,Male,42
T00661,C00277,2023-04-04,P008,Wearables,1,249.99,Male,43
T00662,C00277,2023-04-05,P009,Wearables,1,350.00,Male,44
T00663,C00277,2023-04-06,P010,Home Automation,1,149.00,Male,45
T00664,C00277,2023-04-07,P011,Home Automation,2,75.00,Male,40
T00665,C00277,2023-04-08,P012,Home Automation,1,199.00,Male,41
T00666,C00277,2023-04-09,P013,Home Automation,1,250.00,Male,42
T00667,C00277,2023-04-10,P014,Accessories,1,19.99,Male,43
T00668,C00277,2023-04-11,P015,Accessories,2,19.99,Male,44
T00669,C00277,2023-04-12,P016,Accessories,3,9.50,Male,45
T00670,C00277,2023-04-13,P017,Accessories,1,15.00,Male,40
T00671,C00277,2023-04-14,P018,Accessories,2,25.00,Male,41
T00672,C00278,2023-04-15,P001,Smartphones,1,899.99,Female,50
T00673,C00278,2023-04-16,P002,Smartphones,1,799.00,Female,51
T00674,C00278,2023-04-17,P003,Smartphones,1,650.00,Female,52
T00675,C00278,2023-04-18,P004,Smartphones,1,950.00,Female,53
T00676,C00278,2023-04-19,P005,Laptops,1,1299.00,Female,54
T00677,C00278,2023-04-20,P006,Laptops,1,999.00,Female,55
T00678,C00278,2023-04-21,P007,Laptops,1,1100.00,Female,50
T00679,C00278,2023-04-22,P008,Wearables,1,249.99,Female,51
T00680,C00278,2023-04-23,P009,Wearables,1,350.00,Female,52
T00681,C00278,2023-04-24,P010,Home Automation,1,149.00,Female,53
T00682,C00278,2023-04-25,P011,Home Automation,2,75.00,Female,54
T00683,C00278,2023-04-26,P012,Home Automation,1,199.00,Female,55
T00684,C00278,2023-04-27,P013,Home Automation,1,250.00,Female,50
T00685,C00278,2023-04-28,P014,Accessories,1,19.99,Female,51
T00686,C00278,2023-04-29,P015,Accessories,2,19.99,Female,52
T00687,C00278,2023-04-30,P016,Accessories,3,9.50,Female,53
T00688,C00279,2023-05-01,P017,Accessories,1,15.00,Male,65
T00689,C00279,2023-05-02,P018,Accessories,2,25.00,Male,66
T00690,C00279,2023-05-03,P001,Smartphones,1,899.99,Male,67
T00691,C00279,2023-05-04,P002,Smartphones,1,799.00,Male,68
T00692,C00279,2023-05-05,P003,Smartphones,1,650.00,Male,69
T00693,C00279,2023-05-06,P004,Smartphones,1,950.00,Male,70
T00694,C00279,2023-05-07,P005,Laptops,1,1299.00,Male,71
T00695,C00279,2023-05-08,P006,Laptops,1,999.00,Male,72
T00696,C00279,2023-05-09,P007,Laptops,1,1100.00,Male,73
T00697,C00279,2023-05-10,P008,Wearables,1,249.99,Male,74
T00698,C00279,2023-05-11,P009,Wearables,1,350.00,Male,75
T00699,C00279,2023-05-12,P010,Home Automation,1,149.00,Male,65
T00700,C00279,2023-05-13,P011,Home Automation,2,75.00,Male,66
T00701,C00279,2023-05-14,P012,Home Automation,1,199.00,Male,67
T00702,C00279,2023-05-15,P013,Home Automation,1,250.00,Male,68
T00703,C00279,2023-05-16,P014,Accessories,1,19.99,Male,69
T00704,C00279,2023-05-17,P015,Accessories,2,19.99,Male,70
T00705,C00279,2023-05-18,P016,Accessories,3,9.50,Male,71
T00706,C00279,2023-05-19,P017,Accessories,1,15.00,Male,72
T00707,C00279,2023-05-20,P018,Accessories,2,25.00,Male,73
T00708,C00280,2023-05-21,P001,Smartphones,1,899.99,Female,18
T00709,C00280,2023-05-22,P002,Smartphones,1,799.00,Female,19
T00710,C00280,2023-05-23,P003,Smartphones,1,650.00,Female,20
T00711,C00280,2023-05-24,P004,Smartphones,1,950.00,Female,21
T00712,C00280,2023-05-25,P005,Laptops,1,1299.00,Female,22
T00713,C00280,2023-05-26,P006,Laptops,1,999.00,Female,23
T00714,C00280,2023-05-27,P007,Laptops,1,1100.00,Female,24
T00715,C00280,2023-05-28,P008,Wearables,1,249.99,Female,18
T00716,C00280,2023-05-29,P009,Wearables,1,350.00,Female,19
T00717,C00280,2023-05-30,P010,Home Automation,1,149.00,Female,20
T00718,C00280,2023-05-31,P011,Home Automation,2,75.00,Female,21
T00719,C00281,2023-06-01,P012,Home Automation,1,199.00,Male,25
T00720,C00281,2023-06-02,P013,Home Automation,1,250.00,Male,26
T00721,C00281,2023-06-03,P014,Accessories,1,19.99,Male,27
T00722,C00281,2023-06-04,P015,Accessories,2,19.99,Male,28
T00723,C00281,2023-06-05,P016,Accessories,3,9.50,Male,29
T00724,C00281,2023-06-06,P017,Accessories,1,15.00,Male,30
T00725,C00281,2023-06-07,P018,Accessories,2,25.00,Male,31
T00726,C00282,2023-06-08,P001,Smartphones,1,899.99,Female,35
T00727,C00282,2023-06-09,P002,Smartphones,1,799.00,Female,36
T00728,C00282,2023-06-10,P003,Smartphones,1,650.00,Female,37
T00729,C00282,2023-06-11,P004,Smartphones,1,950.00,Female,38
T00730,C00282,2023-06-12,P005,Laptops,1,1299.00,Female,39
T00731,C00282,2023-06-13,P006,Laptops,1,999.00,Female,40
T00732,C00282,2023-06-14,P007,Laptops,1,1100.00,Female,41
T00733,C00282,2023-06-15,P008,Wearables,1,249.99,Female,42
T00734,C00282,2023-06-16,P009,Wearables,1,350.00,Female,43
T00735,C00282,2023-06-17,P010,Home Automation,1,149.00,Female,44
T00736,C00282,2023-06-18,P011,Home Automation,2,75.00,Female,45
T00737,C00282,2023-06-19,P012,Home Automation,1,199.00,Female,35
T00738,C00282,2023-06-20,P013,Home Automation,1,250.00,Female,36
T00739,C00282,2023-06-21,P014,Accessories,1,19.99,Female,37
T00740,C00282,2023-06-22,P015,Accessories,2,19.99,Female,38
T00741,C00282,2023-06-23,P016,Accessories,3,9.50,Female,39
T00742,C00282,2023-06-24,P017,Accessories,1,15.00,Female,40
T00743,C00282,2023-06-25,P018,Accessories,2,25.00,Female,41
T00744,C00283,2023-06-26,P001,Smartphones,1,899.99,Male,50
T00745,C00283,2023-06-27,P002,Smartphones,1,799.00,Male,51
T00746,C00283,2023-06-28,P003,Smartphones,1,650.00,Male,52
T00747,C00283,2023-06-29,P004,Smartphones,1,950.00,Male,53
T00748,C00283,2023-06-30,P005,Laptops,1,1299.00,Male,54
T00749,C00284,2023-07-01,P006,Laptops,1,999.00,Male,55
T00750,C00284,2023-07-02,P007,Laptops,1,1100.00,Male,50
T00751,C00284,2023-07-03,P008,Wearables,1,249.99,Male,51
T00752,C00284,2023-07-04,P009,Wearables,1,350.00,Male,52
T00753,C00284,2023-07-05,P010,Home Automation,1,149.00,Male,53
T00754,C00284,2023-07-06,P011,Home Automation,2,75.00,Male,54
T00755,C00284,2023-07-07,P012,Home Automation,1,199.00,Male,55
T00756,C00284,2023-07-08,P013,Home Automation,1,250.00,Male,50
T00757,C00284,2023-07-09,P014,Accessories,1,19.99,Male,51
T00758,C00284,2023-07-10,P015,Accessories,2,19.99,Male,52
T00759,C00284,2023-07-11,P016,Accessories,3,9.50,Male,53
T00760,C00284,2023-07-12,P017,Accessories,1,15.00,Male,54
T00761,C00284,2023-07-13,P018,Accessories,2,25.00,Male,55
T00762,C00285,2023-07-14,P001,Smartphones,1,899.99,Female,65
T00763,C00285,2023-07-15,P002,Smartphones,1,799.00,Female,66
T00764,C00285,2023-07-16,P003,Smartphones,1,650.00,Female,67
T00765,C00285,2023-07-17,P004,Smartphones,1,950.00,Female,68
T00766,C00285,2023-07-18,P005,Laptops,1,1299.00,Female,69
T00767,C00285,2023-07-19,P006,Laptops,1,999.00,Female,70
T00768,C00285,2023-07-20,P007,Laptops,1,1100.00,Female,71
T00769,C00285,2023-07-21,P008,Wearables,1,249.99,Female,72
T00770,C00285,2023-07-22,P009,Wearables,1,350.00,Female,73
T00771,C00285,2023-07-23,P010,Home Automation,1,149.00,Female,74
T00772,C00285,2023-07-24,P011,Home Automation,2,75.00,Female,75
T00773,C00285,2023-07-25,P012,Home Automation,1,199.00,Female,65
T00774,C00285,2023-07-26,P013,Home Automation,1,250.00,Female,66
T00775,C00285,2023-07-27,P014,Accessories,1,19.99,Female,67
T00776,C00285,2023-07-28,P015,Accessories,2,19.99,Female,68
T00777,C00285,2023-07-29,P016,Accessories,3,9.50,Female,69
T00778,C00285,2023-07-30,P017,Accessories,1,15.00,Female,70
T00779,C00285,2023-07-31,P018,Accessories,2,25.00,Female,71
T00780,C00286,2023-08-01,P001,Smartphones,1,899.99,Male,18
T00781,C00286,2023-08-02,P002,Smartphones,1,799.00,Male,19
T00782,C00286,2023-08-03,P003,Smartphones,1,650.00,Male,20
T00783,C00286,2023-08-04,P004,Smartphones,1,950.00,Male,21
T00784,C00286,2023-08-05,P005,Laptops,1,1299.00,Male,22
T00785,C00286,2023-08-06,P006,Laptops,1,999.00,Male,23
T00786,C00286,2023-08-07,P007,Laptops,1,1100.00,Male,24
T00787,C00286,2023-08-08,P008,Wearables,1,249.99,Male,18
T00788,C00286,2023-08-09,P009,Wearables,1,350.00,Male,19
T00789,C00286,2023-08-10,P010,Home Automation,1,149.00,Male,20
T00790,C00286,2023-08-11,P011,Home Automation,2,75.00,Male,21
T00791,C00286,2023-08-12,P012,Home Automation,1,199.00,Male,22
T00792,C00286,2023-08-13,P013,Home Automation,1,250.00,Male,23
T00793,C00286,2023-08-14,P014,Accessories,1,19.99,Male,24
T00794,C00286,2023-08-15,P015,Accessories,2,19.99,Male,18
T00795,C00286,2023-08-16,P016,Accessories,3,9.50,Male,19
T00796,C00286,2023-08-17,P017,Accessories,1,15.00,Male,20
T00797,C00286,2023-08-18,P018,Accessories,2,25.00,Male,21
T00798,C00287,2023-08-19,P001,Smartphones,1,899.99,Female,25
T00799,C00287,2023-08-20,P002,Smartphones,1,799.00,Female,26
T00800,C00287,2023-08-21,P003,Smartphones,1,650.00,Female,27
T00801,C00287,2023-08-22,P004,Smartphones,1,950.00,Female,28
T00802,C00287,2023-08-23,P005,Laptops,1,1299.00,Female,29
T00803,C00287,2023-08-24,P006,Laptops,1,999.00,Female,30
T00804,C00287,2023-08-25,P007,Laptops,1,1100.00,Female,31
T00805,C00287,2023-08-26,P008,Wearables,1,249.99,Female,32
T00806,C00287,2023-08-27,P009,Wearables,1,350.00,Female,33
T00807,C00287,2023-08-28,P010,Home Automation,1,149.00,Female,34
T00808,C00287,2023-08-29,P011,Home Automation,2,75.00,Female,25
T00809,C00287,2023-08-30,P012,Home Automation,1,199.00,Female,26
T00810,C00287,2023-08-31,P013,Home Automation,1,250.00,Female,27
T00811,C00288,2023-09-01,P014,Accessories,1,19.99,Male,35
T00812,C00288,2023-09-02,P015,Accessories,2,19.99,Male,36
T00813,C00288,2023-09-03,P016,Accessories,3,9.50,Male,37
T00814,C00288,2023-09-04,P017,Accessories,1,15.00,Male,38
T00815,C00288,2023-09-05,P018,Accessories,2,25.00,Male,39
T00816,C00288,2023-09-06,P001,Smartphones,1,899.99,Male,40
T00817,C00288,2023-09-07,P002,Smartphones,1,799.00,Male,41
T00818,C00288,2023-09-08,P003,Smartphones,1,650.00,Male,42
T00819,C00288,2023-09-09,P004,Smartphones,1,950.00,Male,43
T00820,C00288,2023-09-10,P005,Laptops,1,1299.00,Male,44
T00821,C00288,2023-09-11,P006,Laptops,1,999.00,Male,45
T00822,C00288,2023-09-12,P007,Laptops,1,1100.00,Male,35
T00823,C00288,2023-09-13,P008,Wearables,1,249.99,Male,36
T00824,C00288,2023-09-14,P009,Wearables,1,350.00,Male,37
T00825,C00288,2023-09-15,P010,Home Automation,1,149.00,Male,38
T00826,C00288,2023-09-16,P011,Home Automation,2,75.00,Male,39
T00827,C00288,2023-09-17,P012,Home Automation,1,199.00,Male,40
T00828,C00288,2023-09-18,P013,Home Automation,1,250.00,Male,41
T00829,C00288,2023-09-19,P014,Accessories,1,19.99,Male,42
T00830,C00288,2023-09-20,P015,Accessories,2,19.99,Male,43
T00831,C00288,2023-09-21,P016,Accessories,3,9.50,Male,44
T00832,C00288,2023-09-22,P017,Accessories,1,15.00,Male,45
T00833,C00288,2023-09-23,P018,Accessories,2,25.00,Male,35
T00834,C00289,2023-09-24,P001,Smartphones,1,899.99,Female,50
T00835,C00289,2023-09-25,P002,Smartphones,1,799.00,Female,51
T00836,C00289,2023-09-26,P003,Smartphones,1,650.00,Female,52
T00837,C00289,2023-09-27,P004,Smartphones,1,950.00,Female,53
T00838,C00289,2023-09-28,P005,Laptops,1,1299.00,Female,54
T00839,C00289,2023-09-29,P006,Laptops,1,999.00,Female,55
T00840,C00289,2023-09-30,P007,Laptops,1,1100.00,Female,50
T00841,C00290,2023-10-01,P008,Wearables,1,249.99,Male,65
T00842,C00290,2023-10-02,P009,Wearables,1,350.00,Male,66
T00843,C00290,2023-10-03,P010,Home Automation,1,149.00,Male,67
T00844,C00290,2023-10-04,P011,Home Automation,2,75.00,Male,68
T00845,C00290,2023-10-05,P012,Home Automation,1,199.00,Male,69
T00846,C00290,2023-10-06,P013,Home Automation,1,250.00,Male,70
T00847,C00290,2023-10-07,P014,Accessories,1,19.99,Male,71
T00848,C00290,2023-10-08,P015,Accessories,2,19.99,Male,72
T00849,C00290,2023-10-09,P016,Accessories,3,9.50,Male,73
T00850,C00290,2023-10-10,P017,Accessories,1,15.00,Male,74
T00851,C00290,2023-10-11,P018,Accessories,2,25.00,Male,75
T00852,C00291,2023-10-12,P001,Smartphones,1,899.99,Female,18
T00853,C00291,2023-10-13,P002,Smartphones,1,799.00,Female,19
T00854,C00291,2023-10-14,P003,Smartphones,1,650.00,Female,20
T00855,C00291,2023-10-15,P004,Smartphones,1,950.00,Female,21
T00856,C00291,2023-10-16,P005,Laptops,1,1299.00,Female,22
T00857,C00291,2023-10-17,P006,Laptops,1,999.00,Female,23
T00858,C00291,2023-10-18,P007,Laptops,1,1100.00,Female,24
T00859,C00291,2023-10-19,P008,Wearables,1,249.99,Female,18
T00860,C00291,2023-10-20,P009,Wearables,1,350.00,Female,19
T00861,C00291,2023-10-21,P010,Home Automation,1,149.00,Female,20
T00862,C00291,2023-10-22,P011,Home Automation,2,75.00,Female,21
T00863,C00291,2023-10-23,P012,Home Automation,1,199.00,Female,22
T00864,C00291,2023-10-24,P013,Home Automation,1,250.00,Female,23
T00865,C00291,2023-10-25,P014,Accessories,1,19.99,Female,24
T00866,C00291,2023-10-26,P015,Accessories,2,19.99,Female,18
T00867,C00291,2023-10-27,P016,Accessories,3,9.50,Female,19
T00868,C00291,2023-10-28,P017,Accessories,1,15.00,Female,20
T00869,C00291,2023-10-29,P018,Accessories,2,25.00,Female,21
T00870,C00292,2023-10-30,P001,Smartphones,1,899.99,Male,25
T00871,C00292,2023-10-31,P002,Smartphones,1,799.00,Male,26
T00872,C00292,2023-11-01,P003,Smartphones,1,650.00,Male,27
T00873,C00292,2023-11-02,P004,Smartphones,1,950.00,Male,28
T00874,C00292,2023-11-03,P005,Laptops,1,1299.00,Male,29
T00875,C00292,2023-11-04,P006,Laptops,1,999.00,Male,30
T00876,C00292,2023-11-05,P007,Laptops,1,1100.00,Male,31
T00877,C00292,2023-11-06,P008,Wearables,1,249.99,Male,32
T00878,C00292,2023-11-07,P009,Wearables,1,350.00,Male,33
T00879,C00292,2023-11-08,P010,Home Automation,1,149.00,Male,34
T00880,C00292,2023-11-09,P011,Home Automation,2,75.00,Male,25
T00881,C00292,2023-11-10,P012,Home Automation,1,199.00,Male,26
T00882,C00292,2023-11-11,P013,Home Automation,1,250.00,Male,27
T00883,C00292,2023-11-12,P014,Accessories,1,19.99,Male,28
T00884,C00292,2023-11-13,P015,Accessories,2,19.99,Male,29
T00885,C00292,2023-11-14,P016,Accessories,3,9.50,Male,30
T00886,C00292,2023-11-15,P017,Accessories,1,15.00,Male,31
T00887,C00292,2023-11-16,P018,Accessories,2,25.00,Male,32
T00888,C00293,2023-11-17,P001,Smartphones,1,899.99,Female,35
T00889,C00293,2023-11-18,P002,Smartphones,1,799.00,Female,36
T00890,C00293,2023-11-19,P003,Smartphones,1,650.00,Female,37
T00891,C00293,2023-11-20,P004,Smartphones,1,950.00,Female,38
T00892,C00293,2023-11-21,P005,Laptops,1,1299.00,Female,39
T00893,C00293,2023-11-22,P006,Laptops,1,999.00,Female,40
T00894,C00293,2023-11-23,P007,Laptops,1,1100.00,Female,41
T00895,C00293,2023-11-24,P008,Wearables,1,249.99,Female,42
T00896,C00293,2023-11-25,P009,Wearables,1,350.00,Female,43
T00897,C00293,2023-11-26,P010,Home Automation,1,149.00,Female,44
T00898,C00293,2023-11-27,P011,Home Automation,2,75.00,Female,45
T00899,C00293,2023-11-28,P012,Home Automation,1,199.00,Female,35
T00900,C00293,2023-11-29,P013,Home Automation,1,250.00,Female,36
T00901,C00293,2023-11-30,P014,Accessories,1,19.99,Female,37
T00902,C00294,2023-12-01,P015,Accessories,2,19.99,Male,50
T00903,C00294,2023-12-02,P016,Accessories,3,9.50,Male,51
T00904,C00294,2023-12-03,P017,Accessories,1,15.00,Male,52
T00905,C00294,2023-12-04,P018,Accessories,2,25.00,Male,53
T00906,C00294,2023-12-05,P001,Smartphones,1,899.99,Male,54
T00907,C00294,2023-12-06,P002,Smartphones,1,799.00,Male,55
T00908,C00294,2023-12-07,P003,Smartphones,1,650.00,Male,50
T00909,C00294,2023-12-08,P004,Smartphones,1,950.00,Male,51
T00910,C00294,2023-12-09,P005,Laptops,1,1299.00,Male,52
T00911,C00294,2023-12-10,P006,Laptops,1,999.00,Male,53
T00912,C00294,2023-12-11,P007,Laptops,1,1100.00,Male,54
T00913,C00294,2023-12-12,P008,Wearables,1,249.99,Male,55
T00914,C00294,2023-12-13,P009,Wearables,1,350.00,Male,50
T00915,C00294,2023-12-14,P010,Home Automation,1,149.00,Male,51
T00916,C00294,2023-12-15,P011,Home Automation,2,75.00,Male,52
T00917,C00294,2023-12-16,P012,Home Automation,1,199.00,Male,53
T00918,C00294,2023-12-17,P013,Home Automation,1,250.00,Male,54
T00919,C00294,2023-12-18,P014,Accessories,1,19.99,Male,55
T00920,C00294,2023-12-19,P015,Accessories,2,19.99,Male,50
T00921,C00294,2023-12-20,P016,Accessories,3,9.50,Male,51
T00922,C00294,2023-12-21,P017,Accessories,1,15.00,Male,52
T00923,C00294,2023-12-22,P018,Accessories,2,25.00,Male,53
T00924,C00295,2023-12-23,P001,Smartphones,1,899.99,Female,65
T00925,C00295,2023-12-24,P002,Smartphones,1,799.00,Female,66
T00926,C00295,2023-12-25,P003,Smartphones,1,650.00,Female,67
T00927,C00295,2023-12-26,P004,Smartphones,1,950.00,Female,68
T00928,C00295,2023-12-27,P005,Laptops,1,1299.00,Female,69
T00929,C00295,2023-12-28,P006,Laptops,1,999.00,Female,70
T00930,C00295,2023-12-29,P007,Laptops,1,1100.00,Female,71
T00931,C00295,2023-12-30,P008,Wearables,1,249.99,Female,72
T00932,C00295,2023-12-31,P009,Wearables,1,350.00,Female,73
T00933,C00296,2024-01-01,P010,Home Automation,1,149.00,Male,18
T00934,C00296,2024-01-02,P011,Home Automation,2,75.00,Male,19
T00935,C00296,2024-01-03,P012,Home Automation,1,199.00,Male,20
T00936,C00296,2024-01-04,P013,Home Automation,1,250.00,Male,21
T00937,C00296,2024-01-05,P014,Accessories,1,19.99,Male,22
T00938,C00296,2024-01-06,P015,Accessories,2,19.99,Male,23
T00939,C00296,2024-01-07,P016,Accessories,3,9.50,Male,24
T00940,C00296,2024-01-08,P017,Accessories,1,15.00,Male,18
T00941,C00296,2024-01-09,P018,Accessories,2,25.00,Male,19
T00942,C00297,2024-01-10,P001,Smartphones,1,899.99,Female,25
T00943,C00297,2024-01-11,P002,Smartphones,1,799.00,Female,26
T00944,C00297,2024-01-12,P003,Smartphones,1,650.00,Female,27
T00945,C00297,2024-01-13,P004,Smartphones,1,950.00,Female,28
T00946,C00297,2024-01-14,P005,Laptops,1,1299.00,Female,29
T00947,C00297,2024-01-15,P006,Laptops,1,999.00,Female,30
T00948,C00297,2024-01-16,P007,Laptops,1,1100.00,Female,31
T00949,C00297,2024-01-17,P008,Wearables,1,249.99,Female,32
T00950,C00297,2024-01-18,P009,Wearables,1,350.00,Female,33
T00951,C00297,2024-01-19,P010,Home Automation,1,149.00,Female,34
T00952,C00297,2024-01-20,P011,Home Automation,2,75.00,Female,25
T00953,C00297,2024-01-21,P012,Home Automation,1,199.00,Female,26
T00954,C00297,2024-01-22,P013,Home Automation,1,250.00,Female,27
T00955,C00297,2024-01-23,P014,Accessories,1,19.99,Female,28
T00956,C00297,2024-01-24,P015,Accessories,2,19.99,Female,29
T00957,C00297,2024-01-25,P016,Accessories,3,9.50,Female,30
T00958,C00297,2024-01-26,P017,Accessories,1,15.00,Female,31
T00959,C00297,2024-01-27,P018,Accessories,2,25.00,Female,32
T00960,C00298,2024-01-28,P001,Smartphones,1,899.99,Male,35
T00961,C00298,2024-01-29,P002,Smartphones,1,799.00,Male,36
T00962,C00298,2024-01-30,P003,Smartphones,1,650.00,Male,37
T00963,C00298,2024-01-31,P004,Smartphones,1,950.00,Male,38
T00964,C00299,2024-02-01,P005,Laptops,1,1299.00,Female,40
T00965,C00299,2024-02-02,P006,Laptops,1,999.00,Female,41
T00966,C00299,2024-02-03,P007,Laptops,1,1100.00,Female,42
T00967,C00299,2024-02-04,P008,Wearables,1,249.99,Female,43
T00968,C00299,2024-02-05,P009,Wearables,1,350.00,Female,44
T00969,C00299,2024-02-06,P010,Home Automation,1,149.00,Female,45
T00970,C00299,2024-02-07,P011,Home Automation,2,75.00,Female,40
T00971,C00299,2024-02-08,P012,Home Automation,1,199.00,Female,41
T00972,C00299,2024-02-09,P013,Home Automation,1,250.00,Female,42
T00973,C00299,2024-02-10,P014,Accessories,1,19.99,Female,43
T00974,C00299,2024-02-11,P015,Accessories,2,19.99,Female,44
T00975,C00299,2024-02-12,P016,Accessories,3,9.50,Female,45
T00976,C00299,2024-02-13,P017,Accessories,1,15.00,Female,40
T00977,C00299,2024-02-14,P018,Accessories,2,25.00,Female,41
T00978,C00300,2024-02-15,P001,Smartphones,1,899.99,Male,50
T00979,C00300,2024-02-16,P002,Smartphones,1,799.00,Male,51
T00980,C00300,2024-02-17,P003,Smartphones,1,650.00,Male,52
T00981,C00300,2024-02-18,P004,Smartphones,1,950.00,Male,53
T00982,C00300,2024-02-19,P005,Laptops,1,1299.00,Male,54
T00983,C00300,2024-02-20,P006,Laptops,1,999.00,Male,55
T00984,C00300,2024-02-21,P007,Laptops,1,1100.00,Male,50
T00985,C00300,2024-02-22,P008,Wearables,1,249.99,Male,51
T00986,C00300,2024-02-23,P009,Wearables,1,350.00,Male,52
T00987,C00300,2024-02-24,P010,Home Automation,1,149.00,Male,53
T00988,C00300,2024-02-25,P011,Home Automation,2,75.00,Male,54
T00989,C00300,2024-02-26,P012,Home Automation,1,199.00,Male,55
T00990,C00300,2024-02-27,P013,Home Automation,1,250.00,Male,50
T00991,C00300,2024-02-28,P014,Accessories,1,19.99,Male,51
T00992,C00300,2024-02-29,P015,Accessories,2,19.99,Male,52
T00993,C00301,2023-01-01,P001,Smartphones,1,899.99,Female,65
T00994,C00302,2023-01-01,P002,Smartphones,1,799.00,Male,18
T00995,C00303,2023-01-01,P003,Smartphones,1,650.00,Female,25
T01000,C00308,2023-01-01,P008,Wearables,1,249.99,Male,65
T01001,C00309,2023-01-01,P009,Wearables,1,350.00,Female,18
T01002,C00310,2023-01-01,P010,Home Automation,1,149.00,Male,25
T01003,C00311,2023-01-01,P011,Home Automation,2,75.00,Female,35
T01004,C00312,2023-01-01,P012,Home Automation,1,199.00,Male,50
T01005,C00313,2023-01-01,P013,Home Automation,1,250.00,Female,65
T01006,C00314,2023-01-01,P014,Accessories,1,19.99,Male,18
T01007,C00315,2023-01-01,P015,Accessories,2,19.99,Female,25
T12000,C00300,2024-02-29,P015,Accessories,,19.99,Male,52
T12001,C00301,2023-01-01,P001,Smartphones,1,,Female,66
T12002,C00302,2023-01-01,P002,Smartphones,1,799.00,Male,19
T12003,C00303,2023-01-01,P003,Smartphones,,650.00,Female,26
T12004,C00304,2023-01-01,P004,Smartphones,1,950.00,Male,36
T12005,C00305,2023-01-01,P005,Laptops,1,1299.00,Female,51
T12006,C00306,2023-01-01,P006,Laptops,1,999.00,Male,66
T12007,C00307,2023-01-01,P007,Laptops,1,1100.00,Female,19
T12008,C00308,2023-01-01,P008,Wearables,1,,Male,26
T12009,C00309,2023-01-01,P009,Wearables,1,350.00,Female,36
T12010,C00310,2023-01-01,P010,Home Automation,,149.00,Male,51
T12011,C00311,2023-01-01,P011,Home Automation,2,75.00,Female,66
T12012,C00312,2023-01-01,P012,Home Automation,1,199.00,Male,19
T12013,C00313,2023-01-01,P013,Home Automation,1,250.00,Female,26
T12014,C00314,2023-01-01,P014,Accessories,1,19.99,Male,36
T12015,C00315,2023-01-01,P015,Accessories,2,19.99,Female,51
T12016,C00316,2023-01-01,P016,Accessories,3,9.50,Male,66
T12017,C00317,2023-01-01,P017,Accessories,1,15.00,Female,19
T12018,C00318,2023-01-01,P018,Accessories,2,25.00,Male,26
T12019,C00319,2024-12-25,P001,Smartphones,1,899.99,Female,36
T12020,C00320,2024-12-26,P002,Smartphones,1,799.00,Male,51
T12021,C00321,2024-12-27,P003,Smartphones,1,650.00,Female,66
T12022,C00322,2024-12-28,P004,Smartphones,1,950.00,Male,19
T12023,C00323,2024-12-29,P005,Laptops,1,1299.00,Female,26
T12024,C00324,2024-12-30,P006,Laptops,1,999.00,Male,36
T12025,C00325,2024-12-31,P007,Laptops,1,1100.00,Female,51
T12026,C00326,2023-06-15,P001,Smartphones,1,899.99,Male,66
T12027,C00326,2024-06-15,P002,Smartphones,1,799.00,Male,19
T12028,C00327,2023-07-20,P003,Smartphones,1,650.00,Female,26
T12029,C00327,2024-07-20,P004,Smartphones,1,950.00,Female,36
T12030,C00328,2023-08-25,P005,Laptops,1,1299.00,Male,51
T12031,C00328,2024-08-25,P006,Laptops,1,999.00,Male,66
T12032,C00329,2023-09-30,P007,Laptops,1,1100.00,Female,19
T12033,C00329,2024-09-30,P008,Wearables,1,249.99,Female,26
T12034,C00330,2023-10-01,P009,Wearables,1,350.00,Male,36
T12035,C00330,2024-10-01,P010,Home Automation,1,149.00,Male,51
T12036,C00331,2023-11-05,P011,Home Automation,2,75.00,Female,66
T12037,C00331,2024-11-05,P012,Home Automation,1,199.00,Female,19
T12038,C00332,2023-12-10,P013,Home Automation,1,250.00,Male,26
T12039,C00332,2024-12-10,P014,Accessories,1,19.99,Male,36
T12040,C00333,2024-01-01,P015,Accessories,2,19.99,Female,51
T12041,C00334,2024-02-01,P016,Accessories,3,9.50,Male,66
T12042,C00335,2024-03-01,P017,Accessories,1,15.00,Female,19
T12043,C00336,2024-04-01,P018,Accessories,2,25.00,Male,26
T12044,C00337,2024-05-01,P001,Smartphones,1,899.99,Female,36
T12045,C00338,2024-06-01,P002,Smartphones,1,799.00,Male,51
T12046,C00339,2024-07-01,P003,Smartphones,1,650.00,Female,66
T12047,C00340,2024-08-01,P004,Smartphones,1,950.00,Male,19
T12048,C00341,2024-09-01,P005,Laptops,1,1299.00,Female,26
T12049,C00342,2024-10-01,P006,Laptops,1,999.00,Male,36
T12050,C00343,2024-11-01,P007,Laptops,1,1100.00,Female,51
T12051,C00344,2024-12-01,P008,Wearables,1,249.99,Male,66
T12052,C00345,2024-12-15,P009,Wearables,1,350.00,Female,19
T12053,C00346,2024-12-20,P010,Home Automation,1,149.00,Male,26
T12054,C00347,2024-12-25,P011,Home Automation,2,75.00,Female,36
T12055,C00348,2024-12-30,P012,Home Automation,1,199.00,Male,51
T12056,C00349,2023-01-01,P001,Smartphones,1,899.99,Female,66
T12057,C00349,2023-01-05,P002,Smartphones,1,799.00,Female,67
T12058,C00349,2023-01-10,P003,Smartphones,1,650.00,Female,68
T12059,C00349,2023-01-15,P004,Smartphones,1,950.00,Female,69
T12060,C00349,2023-01-20,P005,Laptops,1,1299.00,Female,70
T12061,C00349,2023-01-25,P006,Laptops,1,999.00,Female,71
T12062,C00349,2023-01-30,P007,Laptops,1,1100.00,Female,72
T12063,C00349,2023-02-04,P008,Wearables,1,249.99,Female,73
T12064,C00349,2023-02-09,P009,Wearables,1,350.00,Female,74
T12065,C00349,2023-02-14,P010,Home Automation,1,149.00,Female,75
T12066,C00349,2023-02-19,P011,Home Automation,2,75.00,Female,66
T12067,C00349,2023-02-24,P012,Home Automation,1,199.00,Female,67
T12068,C00349,2023-03-01,P013,Home Automation,1,250.00,Female,68
T12069,C00349,2023-03-06,P014,Accessories,1,19.99,Female,69
T12070,C00349,2023-03-11,P015,Accessories,2,19.99,Female,70
T12071,C00349,2023-03-16,P016,Accessories,3,9.50,Female,71
T12072,C00349,2023-03-21,P017,Accessories,1,15.00,Female,72
T12073,C00349,2023-03-26,P018,Accessories,2,25.00,Female,73
T12074,C00350,2023-01-01,P001,Smartphones,1,899.99,Male,19
T12075,C00350,2024-01-01,P002,Smartphones,1,799.00,Male,20
T12076,C00351,2023-02-01,P003,Smartphones,1,650.00,Male,21
T12077,C00351,2024-02-01,P004,Smartphones,1,950.00,Male,22
T12078,C00352,2023-03-01,P005,Laptops,1,1299.00,Male,23
T12079,C00352,2024-03-01,P006,Laptops,1,999.00,Male,24
T12080,C00353,2023-04-01,P007,Laptops,1,1100.00,Male,18
T12081,C00353,2024-04-01,P008,Wearables,1,249.99,Male,19
T12082,C00354,2023-05-01,P009,Wearables,1,350.00,Male,20
T12083,C00354,2024-05-01,P010,Home Automation,1,149.00,Male,21
T12084,C00355,2023-06-01,P011,Home Automation,2,75.00,Male,22
T12085,C00355,2024-06-01,P012,Home Automation,1,199.00,Male,23
T12086,C00356,2023-07-01,P013,Home Automation,1,250.00,Male,24
T12087,C00356,2024-07-01,P014,Accessories,1,19.99,Male,18
T12088,C00357,2023-08-01,P015,Accessories,2,19.99,Male,19
T12089,C00357,2024-08-01,P016,Accessories,3,9.50,Male,20
T12090,C00358,2023-09-01,P017,Accessories,1,15.00,Male,21
T12091,C00358,2024-09-01,P018,Accessories,2,25.00,Male,22
T12092,C00359,2023-10-01,P001,Smartphones,1,899.99,Male,23
T12093,C00359,2024-10-01,P002,Smartphones,1,799.00,Male,24
T12094,C00360,2023-11-01,P003,Smartphones,1,650.00,Male,18
T12095,C00360,2024-11-01,P004,Smartphones,1,950.00,Male,19
T12096,C00361,2023-12-01,P005,Laptops,1,1299.00,Male,20
T12097,C00361,2024-12-01,P006,Laptops,1,999.00,Male,21
T12098,C00362,2024-12-10,P007,Laptops,1,1100.00,Male,22
T12099,C00363,2024-12-15,P008,Wearables,1,249.99,Male,23
T12100,C00364,2024-12-20,P009,Wearables,1,350.00,Male,24
T12101,C00365,2024-12-25,P010,Home Automation,1,149.00,Male,18
T12102,C00366,2024-12-30,P011,Home Automation,2,75.00,Male,19
T12103,C00367,2023-01-01,P012,Home Automation,1,199.00,Female,25
T12104,C00367,2023-01-02,P013,Home Automation,1,250.00,Female,26
T12105,C00367,2023-01-03,P014,Accessories,1,19.99,Female,27
T12106,C00367,2023-01-04,P015,Accessories,2,19.99,Female,28
T12107,C00367,2023-01-05,P016,Accessories,3,9.50,Female,29
T12108,C00367,2023-01-06,P017,Accessories,1,15.00,Female,30
T12109,C00367,2023-01-07,P018,Accessories,2,25.00,Female,31
T12110,C00367,2023-01-08,P001,Smartphones,1,899.99,Female,32
T12111,C00367,2023-01-09,P002,Smartphones,1,799.00,Female,33
T12112,C00367,2023-01-10,P003,Smartphones,1,650.00,Female,34
T12113,C00367,2023-01-11,P004,Smartphones,1,950.00,Female,25
T12114,C00367,2023-01-12,P005,Laptops,1,1299.00,Female,26
T12115,C00367,2023-01-13,P006,Laptops,1,999.00,Female,27
T12116,C00367,2023-01-14,P007,Laptops,1,1100.00,Female,28
T12117,C00367,2023-01-15,P008,Wearables,1,249.99,Female,29
T12118,C00367,2023-01-16,P009,Wearables,1,350.00,Female,30
T12119,C00367,2023-01-17,P010,Home Automation,1,149.00,Female,31
T12120,C00367,2023-01-18,P011,Home Automation,2,75.00,Female,32
T12121,C00367,2023-01-19,P012,Home Automation,1,199.00,Female,33
T12122,C00367,2023-01-20,P013,Home Automation,1,250.00,Female,34
T12123,C00367,2023-01-21,P014,Accessories,1,19.99,Female,25
T12124,C00367,2023-01-22,P015,Accessories,2,19.99,Female,26
T12125,C00367,2023-01-23,P016,Accessories,3,9.50,Female,27
T12126,C00367,2023-01-24,P017,Accessories,1,15.00,Female,28
T12127,C00367,2023-01-25,P018,Accessories,2,25.00,Female,29
T12128,C00368,2023-01-26,P001,Smartphones,1,899.99,Male,35
T12129,C00368,2023-01-27,P002,Smartphones,1,799.00,Male,36
T12130,C00368,2023-01-28,P003,Smartphones,1,650.00,Male,37
T12131,C00368,2023-01-29,P004,Smartphones,1,950.00,Male,38
T12132,C00368,2023-01-30,P005,Laptops,1,1299.00,Male,39
T12133,C00368,2023-01-31,P006,Laptops,1,999.00,Male,40
T12134,C00369,2023-02-01,P007,Laptops,1,1100.00,Female,40
T12135,C00369,2023-02-02,P008,Wearables,1,249.99,Female,41
T12136,C00369,2023-02-03,P009,Wearables,1,350.00,Female,42
T12137,C00369,2023-02-04,P010,Home Automation,1,149.00,Female,43
T12138,C00369,2023-02-05,P011,Home Automation,2,75.00,Female,44
T12139,C00369,2023-02-06,P012,Home Automation,1,199.00,Female,45
T12140,C00369,2023-02-07,P013,Home Automation,1,250.00,Female,40
T12141,C00369,2023-02-08,P014,Accessories,1,19.99,Female,41
T12142,C00369,2023-02-09,P015,Accessories,2,19.99,Female,42
T12143,C00369,2023-02-10,P016,Accessories,3,9.50,Female,43
T12144,C00369,2023-02-11,P017,Accessories,1,15.00,Female,44
T12145,C00369,2023-02-12,P018,Accessories,2,25.00,Female,45
T12146,C00370,2023-02-13,P001,Smartphones,1,899.99,Male,50
T12147,C00370,2023-02-14,P002,Smartphones,1,799.00,Male,51
T12148,C00370,2023-02-15,P003,Smartphones,1,650.00,Male,52
T12149,C00370,2023-02-16,P004,Smartphones,1,950.00,Male,53
T12150,C00370,2023-02-17,P005,Laptops,1,1299.00,Male,54
T12151,C00370,2023-02-18,P006,Laptops,1,999.00,Male,55
T12152,C00370,2023-02-19,P007,Laptops,1,1100.00,Male,50
T12153,C00370,2023-02-20,P008,Wearables,1,249.99,Male,51
T12154,C00370,2023-02-21,P009,Wearables,1,350.00,Male,52
T12155,C00370,2023-02-22,P010,Home Automation,1,149.00,Male,53
T12156,C00370,2023-02-23,P011,Home Automation,2,75.00,Male,54
T12157,C00370,2023-02-24,P012,Home Automation,1,199.00,Male,55
T12158,C00370,2023-02-25,P013,Home Automation,1,250.00,Male,50
T12159,C00370,2023-02-26,P014,Accessories,1,19.99,Male,51
T12160,C00370,2023-02-27,P015,Accessories,2,19.99,Male,52
T12161,C00370,2023-02-28,P016,Accessories,3,9.50,Male,53
T12162,C00371,2023-03-01,P017,Accessories,1,15.00,Female,65
T12163,C00371,2023-03-02,P018,Accessories,2,25.00,Female,66
T12164,C00371,2023-03-03,P001,Smartphones,1,899.99,Female,67
T12165,C00371,2023-03-04,P002,Smartphones,1,799.00,Female,68
T12166,C00371,2023-03-05,P003,Smartphones,1,650.00,Female,69
T12167,C00371,2023-03-06,P004,Smartphones,1,950.00,Female,70
T12168,C00371,2023-03-07,P005,Laptops,1,1299.00,Female,71
T12169,C00371,2023-03-08,P006,Laptops,1,999.00,Female,72
T12170,C00371,2023-03-09,P007,Laptops,1,1100.00,Female,73
T12171,C00371,2023-03-10,P008,Wearables,1,249.99,Female,74
T12172,C00371,2023-03-11,P009,Wearables,1,350.00,Female,75
T12173,C00371,2023-03-12,P010,Home Automation,1,149.00,Female,65
T12174,C00371,2023-03-13,P011,Home Automation,2,75.00,Female,66
T12175,C00371,2023-03-14,P012,Home Automation,1,199.00,Female,67
T12176,C00371,2023-03-15,P013,Home Automation,1,250.00,Female,68
T12177,C00371,2023-03-16,P014,Accessories,1,19.99,Female,69
T12178,C00371,2023-03-17,P015,Accessories,2,19.99,Female,70
T12179,C00371,2023-03-18,P016,Accessories,3,9.50,Female,71
T12180,C00371,2023-03-19,P017,Accessories,1,15.00,Female,72
T12181,C00371,2023-03-20,P018,Accessories,2,25.00,Female,73
T12182,C00372,2023-03-21,P001,Smartphones,1,899.99,Male,18
T12183,C00372,2023-03-22,P002,Smartphones,1,799.00,Male,19
T12184,C00372,2023-03-23,P003,Smartphones,1,650.00,Male,20
T12185,C00372,2023-03-24,P004,Smartphones,1,950.00,Male,21
T12186,C00372,2023-03-25,P005,Laptops,1,1299.00,Male,22
T12187,C00372,2023-03-26,P006,Laptops,1,999.00,Male,23
T12188,C00372,2023-03-27,P007,Laptops,1,1100.00,Male,24
T12189,C00372,2023-03-28,P008,Wearables,1,249.99,Male,18
T12190,C00372,2023-03-29,P009,Wearables,1,350.00,Male,19
T12191,C00372,2023-03-30,P010,Home Automation,1,149.00,Male,20
T12192,C00372,2023-03-31,P011,Home Automation,2,75.00,Male,21
T12193,C00373,2023-04-01,P012,Home Automation,1,199.00,Female,25
T12194,C00373,2023-04-02,P013,Home Automation,1,250.00,Female,26
T12195,C00373,2023-04-03,P014,Accessories,1,19.99,Female,27
T12196,C00373,2023-04-04,P015,Accessories,2,19.99,Female,28
T12197,C00373,2023-04-05,P016,Accessories,3,9.50,Female,29
T12198,C00373,2023-04-06,P017,Accessories,1,15.00,Female,30
T12199,C00373,2023-04-07,P018,Accessories,2,25.00,Female,31
T12200,C00374,2023-04-08,P001,Smartphones,1,899.99,Male,35
T12201,C00374,2023-04-09,P002,Smartphones,1,799.00,Male,36
T12202,C00374,2023-04-10,P003,Smartphones,1,650.00,Male,37
T12203,C00374,2023-04-11,P004,Smartphones,1,950.00,Male,38
T12204,C00374,2023-04-12,P005,Laptops,1,1299.00,Male,39
T12205,C00374,2023-04-13,P006,Laptops,1,999.00,Male,40
T12206,C00374,2023-04-14,P007,Laptops,1,1100.00,Male,41
T12207,C00374,2023-04-15,P008,Wearables,1,249.99,Male,42
T12208,C00374,2023-04-16,P009,Wearables,1,350.00,Male,43
T12209,C00374,2023-04-17,P010,Home Automation,1,149.00,Male,44
T12210,C00374,2023-04-18,P011,Home Automation,2,75.00,Male,45
T12211,C00374,2023-04-19,P012,Home Automation,1,199.00,Male,35
T12212,C00374,2023-04-20,P013,Home Automation,1,250.00,Male,36
T12213,C00374,2023-04-21,P014,Accessories,1,19.99,Male,37
T12214,C00374,2023-04-22,P015,Accessories,2,19.99,Male,38
T12215,C00374,2023-04-23,P016,Accessories,3,9.50,Male,39
T12216,C00374,2023-04-24,P017,Accessories,1,15.00,Male,40
T12217,C00374,2023-04-25,P018,Accessories,2,25.00,Male,41
T12218,C00375,2023-04-26,P001,Smartphones,1,899.99,Female,50
T12219,C00375,2023-04-27,P002,Smartphones,1,799.00,Female,51
T12220,C00375,2023-04-28,P003,Smartphones,1,650.00,Female,52
T12221,C00375,2023-04-29,P004,Smartphones,1,950.00,Female,53
T12222,C00375,2023-04-30,P005,Laptops,1,1299.00,Female,54
T12223,C00376,2023-05-01,P006,Laptops,1,999.00,Male,65
T12224,C00376,2023-05-02,P007,Laptops,1,1100.00,Male,66
T12225,C00376,2023-05-03,P008,Wearables,1,249.99,Male,67
T12226,C00376,2023-05-04,P009,Wearables,1,350.00,Male,68
T12227,C00376,2023-05-05,P010,Home Automation,1,149.00,Male,69
T12228,C00376,2023-05-06,P011,Home Automation,2,75.00,Male,70
T12229,C00376,2023-05-07,P012,Home Automation,1,199.00,Male,71
T12230,C00376,2023-05-08,P013,Home Automation,1,250.00,Male,72
T12231,C00376,2023-05-09,P014,Accessories,1,19.99,Male,73
T12232,C00376,2023-05-10,P015,Accessories,2,19.99,Male,74
T12233,C00376,2023-05-11,P016,Accessories,3,9.50,Male,75
T12234,C00376,2023-05-12,P017,Accessories,1,15.00,Male,65
T12235,C00376,2023-05-13,P018,Accessories,2,25.00,Male,66
T12236,C00377,2023-05-14,P001,Smartphones,1,899.99,Female,18
T12237,C00377,2023-05-15,P002,Smartphones,1,799.00,Female,19
T12238,C00377,2023-05-16,P003,Smartphones,1,650.00,Female,20
T12239,C00377,2023-05-17,P004,Smartphones,1,950.00,Female,21
T12240,C00377,2023-05-18,P005,Laptops,1,1299.00,Female,22
T12241,C00377,2023-05-19,P006,Laptops,1,999.00,Female,23
T12242,C00377,2023-05-20,P007,Laptops,1,1100.00,Female,24
T12243,C00377,2023-05-21,P008,Wearables,1,249.99,Female,18
T12244,C00377,2023-05-22,P009,Wearables,1,350.00,Female,19
T12245,C00377,2023-05-23,P010,Home Automation,1,149.00,Female,20
T12246,C00377,2023-05-24,P011,Home Automation,2,75.00,Female,21
T12247,C00377,2023-05-25,P012,Home Automation,1,199.00,Female,22
T12248,C00377,2023-05-26,P013,Home Automation,1,250.00,Female,23
T12249,C00377,2023-05-27,P014,Accessories,1,19.99,Female,24
T12250,C00377,2023-05-28,P015,Accessories,2,19.99,Female,18
T12251,C00377,2023-05-29,P016,Accessories,3,9.50,Female,19
T12252,C00377,2023-05-30,P017,Accessories,1,15.00,Female,20
T12253,C00377,2023-05-31,P018,Accessories,2,25.00,Female,21
T12254,C00378,2023-06-01,P001,Smartphones,1,899.99,Male,25
T12255,C00378,2023-06-02,P002,Smartphones,1,799.00,Male,26
T12256,C00378,2023-06-03,P003,Smartphones,1,650.00,Male,27
T12257,C00378,2023-06-04,P004,Smartphones,1,950.00,Male,28
T12258,C00378,2023-06-05,P005,Laptops,1,1299.00,Male,29
T12259,C00378,2023-06-06,P006,Laptops,1,999.00,Male,30
T12260,C00378,2023-06-07,P007,Laptops,1,1100.00,Male,31
T12261,C00378,2023-06-08,P008,Wearables,1,249.99,Male,32
T12262,C00378,2023-06-09,P009,Wearables,1,350.00,Male,33
T12263,C00378,2023-06-10,P010,Home Automation,1,149.00,Male,34
T12264,C00378,2023-06-11,P011,Home Automation,2,75.00,Male,25
T12265,C00378,2023-06-12,P012,Home Automation,1,199.00,Male,26
T12266,C00378,2023-06-13,P013,Home Automation,1,250.00,Male,27
T12267,C00378,2023-06-14,P014,Accessories,1,19.99,Male,28
T12268,C00378,2023-06-15,P015,Accessories,2,19.99,Male,29
T12269,C00378,2023-06-16,P016,Accessories,3,9.50,Male,30
T12270,C00378,2023-06-17,P017,Accessories,1,15.00,Male,31
T12271,C00378,2023-06-18,P018,Accessories,2,25.00,Male,32
T12272,C00379,2023-06-19,P001,Smartphones,1,899.99,Female,35
T12273,C00379,2023-06-20,P002,Smartphones,1,799.00,Female,36
T12274,C00379,2023-06-21,P003,Smartphones,1,650.00,Female,37
T12275,C00379,2023-06-22,P004,Smartphones,1,950.00,Female,38
T12276,C00379,2023-06-23,P005,Laptops,1,1299.00,Female,39
T12277,C00379,2023-06-24,P006,Laptops,1,999.00,Female,40
T12278,C00379,2023-06-25,P007,Laptops,1,1100.00,Female,41
T12279,C00379,2023-06-26,P008,Wearables,1,249.99,Female,42
T12280,C00379,2023-06-27,P009,Wearables,1,350.00,Female,43
T12281,C00379,2023-06-28,P010,Home Automation,1,149.00,Female,44
T12282,C00379,2023-06-29,P011,Home Automation,2,75.00,Female,45
T12283,C00379,2023-06-30,P012,Home Automation,1,199.00,Female,35
T12284,C00380,2023-07-01,P013,Home Automation,1,250.00,Male,50
T12285,C00380,2023-07-02,P014,Accessories,1,19.99,Male,51
T12286,C00380,2023-07-03,P015,Accessories,2,19.99,Male,52
T12287,C00380,2023-07-04,P016,Accessories,3,9.50,Male,53
T12288,C00380,2023-07-05,P017,Accessories,1,15.00,Male,54
T12289,C00380,2023-07-06,P018,Accessories,2,25.00,Male,55
T12290,C00380,2023-07-07,P001,Smartphones,1,899.99,Male,50
T12291,C00380,2023-07-08,P002,Smartphones,1,799.00,Male,51
T12292,C00380,2023-07-09,P003,Smartphones,1,650.00,Male,52
T12293,C00380,2023-07-10,P004,Smartphones,1,950.00,Male,53
T12294,C00380,2023-07-11,P005,Laptops,1,1299.00,Male,54
T12295,C00380,2023-07-12,P006,Laptops,1,999.00,Male,55
T12296,C00380,2023-07-13,P007,Laptops,1,1100.00,Male,50
T12297,C00380,2023-07-14,P008,Wearables,1,249.99,Male,51
T12298,C00380,2023-07-15,P009,Wearables,1,350.00,Male,52
T12299,C00380,2023-07-16,P010,Home Automation,1,149.00,Male,53
T12300,C00380,2023-07-17,P011,Home Automation,2,75.00,Male,54
T12301,C00380,2023-07-18,P012,Home Automation,1,199.00,Male,55
T12302,C00380,2023-07-19,P013,Home Automation,1,250.00,Male,50
T12303,C00380,2023-07-20,P014,Accessories,1,19.99,Male,51
